1,order_date_month,order_id,num_order_ch,num_order_us,num_order_br,num_order_fr,num_order_ge,num_order_sk,num_order_uk
0,2019-01-13,1,1.0,,,,,,
1,2019-01-15,2,1.0,,,,,,
2,2019-01-16,1,1.0,,,,,,
3,2019-01-18,1,,,1.0,,,,
4,2019-01-19,1,,,,,1.0,,
5,2019-01-21,1,,,1.0,,,,
6,2019-01-22,1,1.0,,,,,,
7,2019-01-23,1,,,,1.0,,,
8,2019-01-24,5,2.0,,,1.0,,,
9,2019-01-26,2,,,,1.0,,,
10,2019-01-27,1,,1.0,,,,,
11,2019-01-29,1,,,,1.0,,,
12,2019-01-31,1,,,,,,,
13,2019-02-05,2,1.0,1.0,,,,,
14,2019-02-06,2,1.0,,1.0,,,,
15,2019-02-07,2,1.0,1.0,,,,,
16,2019-02-09,1,,,,,,,
17,2019-02-10,4,3.0,,,1.0,,,
18,2019-02-12,3,1.0,,2.0,,,,
19,2019-02-13,3,2.0,1.0,,,,,
20,2019-02-14,3,1.0,1.0,,,,1.0,
21,2019-02-15,2,,,,,,1.0,
22,2019-02-16,2,,,1.0,,,,
23,2019-02-17,3,1.0,2.0,,,,,
24,2019-02-20,2,1.0,,,,,,
25,2019-02-21,3,1.0,1.0,,,,,
26,2019-02-22,1,,1.0,,,,,
27,2019-02-23,3,1.0,,1.0,,,1.0,
28,2019-02-24,3,2.0,,1.0,,,,
29,2019-02-25,1,1.0,,,,,,
30,2019-02-26,1,,,,,,,
31,2019-02-28,8,2.0,2.0,3.0,,,,
32,2019-03-01,3,2.0,,,,,,
33,2019-03-02,2,,,1.0,1.0,,,
34,2019-03-03,2,,1.0,1.0,,,,
35,2019-03-04,1,,,,,1.0,,
36,2019-03-05,3,1.0,2.0,,,,,
37,2019-03-06,5,3.0,,,,1.0,,
38,2019-03-07,3,1.0,1.0,1.0,,,,
39,2019-03-08,6,3.0,,,1.0,,,
40,2019-03-09,3,,1.0,,,1.0,,
41,2019-03-10,1,,,,,,,
42,2019-03-12,2,,,,1.0,,,
43,2019-03-13,1,,,,,,,
44,2019-03-14,5,,1.0,2.0,,1.0,,
45,2019-03-15,1,1.0,,,,,,
46,2019-03-16,3,,,,,,1.0,
47,2019-03-17,3,1.0,,,,,,
48,2019-03-18,2,1.0,,,,,,
49,2019-03-19,3,,1.0,1.0,,1.0,,
50,2019-03-20,4,2.0,2.0,,,,,
51,2019-03-21,2,,1.0,,,,,
52,2019-03-22,5,1.0,2.0,1.0,,,,
53,2019-03-23,4,2.0,1.0,,,,,
54,2019-03-24,3,,,2.0,,1.0,,
55,2019-03-25,5,2.0,2.0,,,,,
56,2019-03-26,3,1.0,2.0,,,,,
57,2019-03-27,6,3.0,2.0,,,1.0,,
58,2019-03-28,7,,2.0,2.0,,,,
59,2019-03-29,3,,2.0,,,,1.0,
60,2019-03-30,3,1.0,1.0,,,,,
61,2019-03-31,4,,1.0,1.0,,1.0,,
62,2019-04-01,4,1.0,2.0,1.0,,,,
63,2019-04-02,3,,,,,1.0,1.0,
64,2019-04-03,5,,1.0,2.0,,,,
65,2019-04-04,4,1.0,1.0,,,1.0,1.0,
66,2019-04-05,4,1.0,1.0,,,,,
67,2019-04-06,4,1.0,1.0,1.0,1.0,,,
68,2019-04-07,4,2.0,1.0,,,,,
69,2019-04-08,2,2.0,,,,,,
70,2019-04-09,2,,,1.0,,,,
71,2019-04-10,2,1.0,,1.0,,,,
72,2019-04-11,5,2.0,1.0,1.0,,,,
73,2019-04-12,3,1.0,,1.0,,,,
74,2019-04-13,4,3.0,1.0,,,,,
75,2019-04-14,1,1.0,,,,,,
76,2019-04-15,4,3.0,1.0,,,,,
77,2019-04-16,6,3.0,,1.0,1.0,,1.0,
78,2019-04-17,5,2.0,1.0,1.0,,,,
79,2019-04-18,1,1.0,,,,,,
80,2019-04-19,7,,4.0,,,,2.0,
81,2019-04-20,5,,1.0,,2.0,1.0,,
82,2019-04-21,9,4.0,3.0,1.0,,,1.0,
83,2019-04-22,5,2.0,,,1.0,2.0,,
84,2019-04-23,5,3.0,2.0,,,,,
85,2019-04-25,5,2.0,2.0,,,,1.0,
86,2019-04-26,4,1.0,,1.0,1.0,,,
87,2019-04-27,4,2.0,,1.0,,,,
88,2019-04-28,3,2.0,1.0,,,,,
89,2019-04-29,5,1.0,1.0,,,1.0,2.0,
90,2019-04-30,7,2.0,1.0,,2.0,,1.0,
91,2019-05-01,8,1.0,2.0,1.0,1.0,1.0,1.0,
92,2019-05-02,4,1.0,,,,2.0,,
93,2019-05-03,5,2.0,1.0,1.0,,1.0,,
94,2019-05-04,3,,1.0,1.0,,,1.0,
95,2019-05-05,7,1.0,2.0,1.0,,,,
96,2019-05-06,1,,1.0,,,,,
97,2019-05-07,8,5.0,3.0,,,,,
98,2019-05-08,7,,2.0,2.0,,1.0,1.0,
99,2019-05-09,3,1.0,2.0,,,,,
100,2019-05-10,7,1.0,3.0,,1.0,,,
101,2019-05-11,5,,1.0,2.0,,,,
102,2019-05-12,4,3.0,,,,,,
103,2019-05-13,4,1.0,1.0,2.0,,,,
104,2019-05-14,5,,2.0,,,1.0,1.0,
105,2019-05-15,5,2.0,,2.0,,,,
106,2019-05-16,2,,,1.0,,1.0,,
107,2019-05-17,2,1.0,,,1.0,,,
108,2019-05-18,6,2.0,1.0,,1.0,,2.0,
109,2019-05-19,3,2.0,1.0,,,,,
110,2019-05-20,8,3.0,2.0,,1.0,1.0,,
111,2019-05-21,8,2.0,2.0,1.0,1.0,,,
112,2019-05-22,9,4.0,4.0,,,1.0,,
113,2019-05-23,10,2.0,2.0,2.0,,,1.0,
114,2019-05-24,2,,1.0,,1.0,,,
115,2019-05-25,5,1.0,2.0,,,,,
116,2019-05-26,9,7.0,,1.0,,,,
117,2019-05-27,9,2.0,2.0,2.0,1.0,,1.0,
118,2019-05-28,7,1.0,5.0,1.0,,,,
119,2019-05-29,11,4.0,5.0,,,,1.0,
120,2019-05-30,5,2.0,2.0,1.0,,,,
121,2019-05-31,5,2.0,1.0,,,,,
122,2019-06-01,9,3.0,4.0,,,,,
123,2019-06-02,3,,1.0,1.0,,,,
124,2019-06-03,7,3.0,,1.0,1.0,1.0,,
125,2019-06-04,5,,2.0,,,,,
126,2019-06-05,8,3.0,2.0,1.0,,1.0,,
127,2019-06-06,6,2.0,2.0,,1.0,,,
128,2019-06-07,10,5.0,,1.0,1.0,1.0,1.0,
129,2019-06-08,8,2.0,4.0,2.0,,,,
130,2019-06-09,5,3.0,1.0,,,,,
131,2019-06-10,4,2.0,1.0,,1.0,,,
132,2019-06-11,7,2.0,1.0,2.0,1.0,1.0,,
133,2019-06-12,5,,2.0,1.0,,,1.0,
134,2019-06-13,4,1.0,1.0,,,,,
135,2019-06-14,2,,1.0,,1.0,,,
136,2019-06-15,9,2.0,4.0,1.0,,,,
137,2019-06-16,5,3.0,,1.0,,,,
138,2019-06-17,13,6.0,3.0,1.0,1.0,1.0,1.0,
139,2019-06-18,7,2.0,3.0,,,,2.0,
140,2019-06-19,7,1.0,2.0,1.0,,1.0,1.0,
141,2019-06-20,6,3.0,,2.0,,,,
142,2019-06-21,3,1.0,1.0,,,1.0,,
143,2019-06-22,4,1.0,2.0,1.0,,,,
144,2019-06-23,4,1.0,1.0,,1.0,,,
145,2019-06-24,5,1.0,1.0,3.0,,,,
146,2019-06-25,6,1.0,,3.0,,,,
147,2019-06-26,10,3.0,,1.0,,2.0,1.0,
148,2019-06-27,5,1.0,1.0,2.0,,1.0,,
149,2019-06-28,6,3.0,,,2.0,,,
150,2019-06-29,6,3.0,3.0,,,,,
151,2019-06-30,10,4.0,3.0,2.0,,1.0,,
152,2019-07-01,5,3.0,,1.0,,,1.0,
153,2019-07-02,10,2.0,1.0,1.0,,1.0,1.0,
154,2019-07-03,5,1.0,2.0,1.0,,,1.0,
155,2019-07-04,5,2.0,,,,2.0,,
156,2019-07-05,12,1.0,2.0,5.0,1.0,,,
157,2019-07-06,7,3.0,,,,2.0,1.0,
158,2019-07-07,5,3.0,,1.0,,,,
159,2019-07-08,12,4.0,3.0,1.0,,1.0,,
160,2019-07-09,6,2.0,1.0,1.0,1.0,,1.0,
161,2019-07-10,3,1.0,1.0,1.0,,,,
162,2019-07-11,5,3.0,1.0,,1.0,,,
163,2019-07-12,11,3.0,3.0,1.0,,2.0,1.0,
164,2019-07-13,4,2.0,,1.0,,,1.0,
165,2019-07-14,5,1.0,1.0,1.0,,,1.0,
166,2019-07-15,13,3.0,3.0,1.0,1.0,1.0,,
167,2019-07-16,11,3.0,3.0,1.0,,,,
168,2019-07-17,9,2.0,1.0,3.0,,,1.0,
169,2019-07-18,4,1.0,,,,,1.0,
170,2019-07-19,9,4.0,1.0,,1.0,,1.0,
171,2019-07-20,12,8.0,2.0,1.0,,,,
172,2019-07-21,7,4.0,1.0,,1.0,,,
173,2019-07-22,3,,,1.0,,,1.0,
174,2019-07-23,6,1.0,3.0,,1.0,,,
175,2019-07-24,9,3.0,1.0,2.0,,2.0,,
176,2019-07-25,11,2.0,5.0,1.0,1.0,,1.0,
177,2019-07-26,11,1.0,7.0,1.0,1.0,,,
178,2019-07-27,11,6.0,1.0,1.0,1.0,1.0,1.0,
179,2019-07-28,9,6.0,2.0,,,,,
180,2019-07-29,7,1.0,5.0,,,,,
181,2019-07-30,8,4.0,1.0,2.0,,,,
182,2019-07-31,6,2.0,,3.0,1.0,,,
183,2019-08-01,15,7.0,3.0,1.0,,,1.0,
184,2019-08-02,6,4.0,1.0,,,,1.0,
185,2019-08-03,5,3.0,1.0,,,,,
186,2019-08-04,7,1.0,2.0,,1.0,,,
187,2019-08-05,2,1.0,1.0,,,,,
188,2019-08-06,7,3.0,2.0,1.0,,,,
189,2019-08-07,8,3.0,2.0,1.0,,,,
190,2019-08-08,6,3.0,1.0,1.0,1.0,,,
191,2019-08-09,12,4.0,3.0,2.0,,,2.0,
192,2019-08-10,12,5.0,3.0,1.0,,,2.0,
193,2019-08-11,9,3.0,2.0,1.0,1.0,,1.0,
194,2019-08-12,10,2.0,4.0,2.0,,1.0,,
195,2019-08-13,17,4.0,7.0,2.0,1.0,1.0,,
196,2019-08-14,8,3.0,2.0,,2.0,1.0,,
197,2019-08-15,7,4.0,1.0,1.0,,,,
198,2019-08-16,6,2.0,3.0,1.0,,,,
199,2019-08-17,7,4.0,,,,,,
200,2019-08-18,6,1.0,2.0,,,1.0,,
201,2019-08-19,15,6.0,4.0,1.0,3.0,,,
202,2019-08-20,11,4.0,2.0,2.0,,,1.0,
203,2019-08-21,10,3.0,2.0,1.0,2.0,,,
204,2019-08-22,14,5.0,1.0,3.0,2.0,1.0,,
205,2019-08-23,5,1.0,2.0,1.0,,,,
206,2019-08-24,6,4.0,,,,,,
207,2019-08-25,6,1.0,3.0,1.0,,1.0,,
208,2019-08-26,8,4.0,1.0,,,,3.0,
209,2019-08-27,6,1.0,3.0,1.0,,,,
210,2019-08-28,9,5.0,2.0,1.0,,,,
211,2019-08-29,13,5.0,5.0,1.0,,1.0,,
212,2019-08-30,13,6.0,2.0,3.0,,,,
213,2019-08-31,10,2.0,5.0,,1.0,,2.0,
214,2019-09-01,11,4.0,1.0,3.0,1.0,,,
215,2019-09-02,11,5.0,1.0,,2.0,,,
216,2019-09-03,9,3.0,2.0,1.0,1.0,,1.0,
217,2019-09-04,5,2.0,,2.0,1.0,,,
218,2019-09-05,5,2.0,1.0,1.0,,,1.0,
219,2019-09-06,9,4.0,1.0,1.0,1.0,1.0,,
220,2019-09-07,13,7.0,3.0,1.0,1.0,,,
221,2019-09-08,17,6.0,3.0,5.0,,,,
222,2019-09-09,10,4.0,1.0,1.0,1.0,,2.0,
223,2019-09-10,10,4.0,1.0,1.0,,,1.0,
224,2019-09-11,7,5.0,,,,,2.0,
225,2019-09-12,4,2.0,,,,1.0,1.0,
226,2019-09-13,9,,4.0,1.0,,2.0,1.0,
227,2019-09-14,13,4.0,2.0,3.0,1.0,1.0,,
228,2019-09-15,4,1.0,1.0,,1.0,,,
229,2019-09-16,18,3.0,5.0,5.0,1.0,,1.0,
230,2019-09-17,11,2.0,3.0,4.0,,,1.0,
231,2019-09-18,16,3.0,1.0,2.0,,1.0,1.0,
232,2019-09-19,8,4.0,2.0,2.0,,,,
233,2019-09-20,14,3.0,4.0,,,1.0,1.0,
234,2019-09-21,9,4.0,2.0,1.0,1.0,,1.0,
235,2019-09-22,9,4.0,3.0,1.0,1.0,,,
236,2019-09-23,13,3.0,4.0,2.0,,1.0,,
237,2019-09-24,12,4.0,3.0,2.0,,,1.0,
238,2019-09-25,7,1.0,1.0,1.0,,1.0,1.0,
239,2019-09-26,18,6.0,,4.0,,,2.0,
240,2019-09-27,13,1.0,4.0,2.0,1.0,1.0,3.0,
241,2019-09-28,10,3.0,3.0,,,1.0,,
242,2019-09-29,12,6.0,2.0,2.0,,,2.0,
243,2019-09-30,11,3.0,3.0,2.0,,,1.0,
244,2019-10-01,10,4.0,2.0,2.0,,1.0,,
245,2019-10-02,14,6.0,4.0,2.0,,,1.0,
246,2019-10-03,6,,1.0,1.0,1.0,,1.0,
247,2019-10-04,14,6.0,2.0,4.0,,1.0,,
248,2019-10-05,14,2.0,5.0,3.0,2.0,1.0,1.0,
249,2019-10-06,14,3.0,7.0,,1.0,2.0,,
250,2019-10-07,7,,5.0,1.0,,,,
251,2019-10-08,14,3.0,6.0,2.0,,,,
252,2019-10-09,8,3.0,,1.0,1.0,,1.0,
253,2019-10-10,7,1.0,1.0,2.0,1.0,1.0,1.0,
254,2019-10-11,10,3.0,4.0,1.0,,,1.0,
255,2019-10-12,12,2.0,3.0,1.0,,2.0,,
256,2019-10-13,13,4.0,4.0,2.0,1.0,1.0,,
257,2019-10-14,14,8.0,3.0,2.0,,1.0,,
258,2019-10-15,5,2.0,2.0,,1.0,,,
259,2019-10-16,13,4.0,4.0,3.0,,,,
260,2019-10-17,12,6.0,3.0,1.0,,,,
261,2019-10-18,13,6.0,3.0,,1.0,,2.0,
262,2019-10-19,8,2.0,3.0,,,1.0,,
263,2019-10-20,15,5.0,2.0,2.0,2.0,,1.0,
264,2019-10-21,11,4.0,1.0,2.0,,,1.0,
265,2019-10-22,18,4.0,3.0,4.0,,1.0,4.0,
266,2019-10-23,12,4.0,2.0,1.0,1.0,1.0,,
267,2019-10-24,11,6.0,1.0,,1.0,1.0,1.0,
268,2019-10-25,14,3.0,3.0,2.0,,,3.0,
269,2019-10-26,20,5.0,6.0,5.0,,1.0,,
270,2019-10-27,3,,2.0,1.0,,,,
271,2019-10-28,11,3.0,2.0,1.0,1.0,1.0,,
272,2019-10-29,9,5.0,2.0,2.0,,,,
273,2019-10-30,17,5.0,5.0,1.0,1.0,,2.0,
274,2019-10-31,19,8.0,4.0,3.0,,1.0,1.0,
275,2019-11-01,18,7.0,3.0,3.0,,,2.0,
276,2019-11-02,16,4.0,5.0,1.0,,,3.0,
277,2019-11-03,18,4.0,2.0,4.0,1.0,1.0,3.0,
278,2019-11-04,14,3.0,3.0,1.0,2.0,,1.0,
279,2019-11-05,11,2.0,1.0,5.0,,,,
280,2019-11-06,12,4.0,2.0,2.0,,,2.0,
281,2019-11-07,12,1.0,2.0,4.0,1.0,,2.0,
282,2019-11-08,16,3.0,4.0,5.0,,1.0,1.0,
283,2019-11-09,19,10.0,5.0,,1.0,,1.0,
284,2019-11-10,8,2.0,1.0,5.0,,,,
285,2019-11-11,16,3.0,3.0,4.0,1.0,2.0,1.0,
286,2019-11-12,11,3.0,5.0,,,,1.0,
287,2019-11-13,12,7.0,,1.0,,1.0,,
288,2019-11-14,12,7.0,1.0,,1.0,,1.0,
289,2019-11-15,20,6.0,4.0,3.0,2.0,1.0,1.0,
290,2019-11-16,10,2.0,3.0,2.0,,,,
291,2019-11-17,20,4.0,3.0,3.0,1.0,1.0,4.0,
292,2019-11-18,14,6.0,5.0,,,,1.0,
293,2019-11-19,13,4.0,3.0,,,,1.0,
294,2019-11-20,13,6.0,2.0,4.0,,,,
295,2019-11-21,13,3.0,4.0,2.0,1.0,,2.0,
296,2019-11-22,12,5.0,1.0,2.0,1.0,,1.0,
297,2019-11-23,15,7.0,4.0,1.0,,1.0,1.0,
298,2019-11-24,11,3.0,,2.0,1.0,,1.0,
299,2019-11-25,14,4.0,3.0,3.0,2.0,1.0,1.0,
300,2019-11-26,14,5.0,5.0,,1.0,,1.0,
301,2019-11-27,19,5.0,6.0,5.0,,2.0,,
302,2019-11-28,14,2.0,6.0,2.0,1.0,,2.0,
303,2019-11-29,16,4.0,6.0,2.0,1.0,,,
304,2019-11-30,12,5.0,1.0,3.0,1.0,1.0,1.0,
305,2019-12-01,13,2.0,3.0,1.0,1.0,,1.0,
306,2019-12-02,14,4.0,1.0,3.0,1.0,1.0,,
307,2019-12-03,18,6.0,,3.0,1.0,,3.0,
308,2019-12-04,9,4.0,1.0,,1.0,1.0,1.0,
309,2019-12-05,19,6.0,6.0,2.0,1.0,2.0,,
310,2019-12-06,16,7.0,5.0,1.0,1.0,2.0,,
311,2019-12-07,21,10.0,3.0,6.0,1.0,,,
312,2019-12-08,13,7.0,2.0,,,1.0,1.0,
313,2019-12-09,14,6.0,3.0,1.0,,,3.0,
314,2019-12-10,11,,3.0,3.0,1.0,,3.0,
315,2019-12-11,15,4.0,2.0,2.0,,3.0,2.0,
316,2019-12-12,6,4.0,1.0,,,,,
317,2019-12-13,22,6.0,5.0,2.0,,,1.0,
318,2019-12-14,25,8.0,6.0,2.0,1.0,,1.0,
319,2019-12-15,13,5.0,3.0,2.0,,,,
320,2019-12-16,9,3.0,3.0,1.0,,,1.0,
321,2019-12-17,27,7.0,9.0,3.0,1.0,4.0,,
322,2019-12-18,17,8.0,5.0,1.0,1.0,1.0,,
323,2019-12-19,15,8.0,6.0,,,1.0,,
324,2019-12-20,15,5.0,2.0,,,2.0,2.0,
325,2019-12-21,19,8.0,1.0,1.0,,2.0,2.0,
326,2019-12-22,13,2.0,4.0,1.0,1.0,2.0,1.0,
327,2019-12-23,17,5.0,4.0,1.0,1.0,,1.0,
328,2019-12-24,8,3.0,2.0,1.0,1.0,,,
329,2019-12-25,15,5.0,2.0,5.0,,,1.0,
330,2019-12-26,15,4.0,5.0,1.0,,,2.0,
331,2019-12-27,15,5.0,6.0,1.0,,,,
332,2019-12-28,17,7.0,5.0,1.0,,,2.0,
333,2019-12-29,12,1.0,4.0,2.0,1.0,,,
334,2019-12-30,10,2.0,3.0,4.0,,,,
335,2019-12-31,12,5.0,1.0,2.0,1.0,1.0,1.0,
336,2020-01-01,20,8.0,5.0,1.0,,1.0,3.0,
337,2020-01-02,17,5.0,4.0,1.0,,1.0,2.0,
338,2020-01-03,14,6.0,5.0,,2.0,,1.0,
339,2020-01-04,15,3.0,4.0,3.0,1.0,,1.0,
340,2020-01-05,8,6.0,1.0,1.0,,,,
341,2020-01-06,18,8.0,3.0,4.0,,1.0,,
342,2020-01-07,17,6.0,4.0,3.0,,,1.0,
343,2020-01-08,23,4.0,5.0,3.0,1.0,4.0,1.0,
344,2020-01-09,22,9.0,6.0,1.0,1.0,1.0,,
345,2020-01-10,20,8.0,6.0,1.0,1.0,2.0,1.0,
346,2020-01-11,12,1.0,5.0,3.0,2.0,,,
347,2020-01-12,14,4.0,3.0,3.0,2.0,,1.0,
348,2020-01-13,13,2.0,1.0,4.0,,,1.0,
349,2020-01-14,20,12.0,2.0,1.0,1.0,,2.0,
350,2020-01-15,20,7.0,5.0,1.0,1.0,2.0,2.0,
351,2020-01-16,12,3.0,3.0,3.0,1.0,1.0,1.0,
352,2020-01-17,13,4.0,3.0,2.0,,,2.0,
353,2020-01-18,17,3.0,5.0,5.0,1.0,,,
354,2020-01-19,14,6.0,3.0,2.0,,1.0,1.0,
355,2020-01-20,19,8.0,3.0,5.0,,1.0,1.0,
356,2020-01-21,14,4.0,4.0,3.0,3.0,,,
357,2020-01-22,16,7.0,2.0,4.0,1.0,,,
358,2020-01-23,22,5.0,6.0,4.0,3.0,1.0,1.0,
359,2020-01-24,10,1.0,4.0,2.0,2.0,,,
360,2020-01-25,10,3.0,4.0,1.0,,,,
361,2020-01-26,23,7.0,7.0,3.0,1.0,,,
362,2020-01-27,14,3.0,5.0,2.0,1.0,,1.0,
363,2020-01-28,14,2.0,4.0,3.0,1.0,1.0,1.0,
364,2020-01-29,14,4.0,3.0,4.0,,1.0,,
365,2020-01-30,12,4.0,3.0,4.0,,,,
366,2020-01-31,17,5.0,2.0,3.0,1.0,2.0,1.0,
367,2020-02-01,16,6.0,4.0,3.0,1.0,1.0,,
368,2020-02-02,18,4.0,7.0,1.0,1.0,1.0,1.0,
369,2020-02-03,22,7.0,5.0,3.0,1.0,1.0,2.0,
370,2020-02-04,18,10.0,5.0,1.0,,,,
371,2020-02-05,20,10.0,4.0,1.0,1.0,,1.0,
372,2020-02-06,20,10.0,5.0,,,1.0,1.0,
373,2020-02-07,12,4.0,7.0,,,,,
374,2020-02-08,18,8.0,4.0,1.0,,,1.0,
375,2020-02-09,16,6.0,3.0,1.0,,1.0,1.0,
376,2020-02-10,22,8.0,3.0,2.0,4.0,1.0,1.0,
377,2020-02-11,16,3.0,5.0,3.0,1.0,1.0,2.0,
378,2020-02-12,29,11.0,5.0,4.0,2.0,,2.0,
379,2020-02-13,20,8.0,4.0,4.0,1.0,2.0,,
380,2020-02-14,18,4.0,8.0,4.0,,,1.0,
381,2020-02-15,14,4.0,4.0,2.0,1.0,1.0,,
382,2020-02-16,16,2.0,5.0,1.0,2.0,,,
383,2020-02-17,23,6.0,2.0,8.0,1.0,1.0,1.0,
384,2020-02-18,21,5.0,6.0,7.0,1.0,,,
385,2020-02-19,21,6.0,7.0,3.0,1.0,,1.0,
386,2020-02-20,9,3.0,3.0,,3.0,,,
387,2020-02-21,17,8.0,4.0,2.0,1.0,,1.0,
388,2020-02-22,14,7.0,1.0,4.0,,,,
389,2020-02-23,20,9.0,4.0,2.0,1.0,1.0,2.0,
390,2020-02-24,22,8.0,5.0,2.0,3.0,,,
391,2020-02-25,20,5.0,8.0,4.0,,2.0,,
392,2020-02-26,15,3.0,3.0,1.0,1.0,3.0,,
393,2020-02-27,15,2.0,3.0,6.0,1.0,2.0,1.0,
394,2020-02-28,16,9.0,1.0,3.0,1.0,1.0,,
395,2020-02-29,14,5.0,5.0,1.0,,,,
396,2020-03-01,21,6.0,8.0,3.0,,,1.0,
397,2020-03-02,18,6.0,5.0,,1.0,2.0,1.0,
398,2020-03-03,17,4.0,3.0,3.0,,1.0,1.0,
399,2020-03-04,18,7.0,5.0,5.0,1.0,,,
400,2020-03-05,19,6.0,5.0,4.0,2.0,1.0,,
401,2020-03-06,15,6.0,7.0,,,,1.0,
402,2020-03-07,24,11.0,8.0,3.0,,1.0,,
403,2020-03-08,12,4.0,2.0,2.0,1.0,2.0,,
404,2020-03-09,16,5.0,5.0,2.0,,1.0,1.0,
405,2020-03-10,20,9.0,5.0,,,1.0,1.0,
406,2020-03-11,21,8.0,5.0,2.0,,2.0,,
407,2020-03-12,21,9.0,3.0,3.0,,2.0,1.0,
408,2020-03-13,21,6.0,8.0,2.0,,2.0,1.0,
409,2020-03-14,8,3.0,1.0,2.0,,,1.0,
410,2020-03-15,18,7.0,4.0,2.0,2.0,,1.0,
411,2020-03-16,23,10.0,5.0,2.0,,1.0,2.0,
412,2020-03-17,19,8.0,4.0,2.0,1.0,,,
413,2020-03-18,18,7.0,8.0,1.0,1.0,,,
414,2020-03-19,11,5.0,1.0,2.0,1.0,2.0,,
415,2020-03-20,22,11.0,5.0,,1.0,,2.0,
416,2020-03-21,19,7.0,5.0,,4.0,,,
417,2020-03-22,24,3.0,9.0,7.0,1.0,,1.0,
418,2020-03-23,10,5.0,3.0,,,,1.0,
419,2020-03-24,16,7.0,3.0,2.0,,1.0,1.0,
420,2020-03-25,23,6.0,5.0,6.0,1.0,1.0,1.0,
421,2020-03-26,21,7.0,5.0,2.0,3.0,,1.0,
422,2020-03-27,20,9.0,4.0,2.0,,1.0,,
423,2020-03-28,17,4.0,6.0,3.0,,,2.0,
424,2020-03-29,17,3.0,3.0,4.0,2.0,1.0,,
425,2020-03-30,22,11.0,5.0,2.0,1.0,,,
426,2020-03-31,22,7.0,4.0,3.0,2.0,,3.0,
427,2020-04-01,20,7.0,4.0,2.0,1.0,1.0,,
428,2020-04-02,28,7.0,7.0,2.0,,2.0,4.0,
429,2020-04-03,34,14.0,4.0,4.0,1.0,2.0,2.0,
430,2020-04-04,19,4.0,7.0,4.0,,1.0,1.0,
431,2020-04-05,26,9.0,5.0,3.0,,1.0,2.0,
432,2020-04-06,27,9.0,8.0,1.0,7.0,,1.0,
433,2020-04-07,12,5.0,,3.0,,1.0,,
434,2020-04-08,18,5.0,6.0,1.0,2.0,,1.0,
435,2020-04-09,19,5.0,5.0,5.0,,1.0,1.0,
436,2020-04-10,21,8.0,6.0,1.0,1.0,,3.0,
437,2020-04-11,16,9.0,2.0,,,,2.0,
438,2020-04-12,13,6.0,,4.0,,,,
439,2020-04-13,18,4.0,3.0,3.0,1.0,2.0,3.0,
440,2020-04-14,26,14.0,4.0,1.0,2.0,,1.0,
441,2020-04-15,24,12.0,5.0,1.0,1.0,,,
442,2020-04-16,20,8.0,3.0,3.0,1.0,2.0,,
443,2020-04-17,24,9.0,4.0,5.0,1.0,1.0,1.0,
444,2020-04-18,17,7.0,3.0,4.0,1.0,,1.0,
445,2020-04-19,19,8.0,4.0,2.0,1.0,1.0,2.0,
446,2020-04-20,22,6.0,5.0,3.0,,1.0,2.0,
447,2020-04-21,11,4.0,2.0,,1.0,2.0,2.0,
448,2020-04-22,21,6.0,7.0,3.0,,1.0,1.0,
449,2020-04-23,19,7.0,5.0,2.0,,2.0,1.0,
450,2020-04-24,25,7.0,7.0,5.0,,2.0,,
451,2020-04-25,26,12.0,6.0,1.0,1.0,,1.0,
452,2020-04-26,23,12.0,3.0,2.0,1.0,,1.0,
453,2020-04-27,23,10.0,6.0,2.0,,,,
454,2020-04-28,26,12.0,6.0,2.0,1.0,1.0,1.0,
455,2020-04-29,26,6.0,8.0,5.0,2.0,2.0,1.0,
456,2020-04-30,24,10.0,5.0,3.0,2.0,1.0,,
457,2020-05-01,21,4.0,10.0,2.0,1.0,,1.0,
458,2020-05-02,18,4.0,7.0,1.0,,1.0,,
459,2020-05-03,22,8.0,5.0,4.0,,1.0,1.0,
460,2020-05-04,24,7.0,3.0,6.0,,1.0,1.0,
461,2020-05-05,14,2.0,5.0,2.0,1.0,3.0,,
462,2020-05-06,26,11.0,5.0,4.0,2.0,1.0,,
463,2020-05-07,21,5.0,3.0,4.0,1.0,3.0,,
464,2020-05-08,20,4.0,5.0,5.0,1.0,,1.0,
465,2020-05-09,23,8.0,3.0,4.0,1.0,3.0,,
466,2020-05-10,25,7.0,3.0,3.0,1.0,2.0,3.0,
467,2020-05-11,25,12.0,7.0,2.0,,2.0,1.0,
468,2020-05-12,23,10.0,8.0,3.0,,,1.0,
469,2020-05-13,16,5.0,5.0,1.0,1.0,,,
470,2020-05-14,21,7.0,4.0,3.0,,1.0,2.0,
471,2020-05-15,23,5.0,6.0,1.0,4.0,2.0,2.0,
472,2020-05-16,18,4.0,7.0,1.0,1.0,1.0,2.0,
473,2020-05-17,20,9.0,5.0,2.0,,,1.0,
474,2020-05-18,25,9.0,4.0,6.0,1.0,1.0,,
475,2020-05-19,27,11.0,7.0,1.0,1.0,,2.0,
476,2020-05-20,19,7.0,5.0,4.0,,1.0,,
477,2020-05-21,19,9.0,4.0,1.0,1.0,,2.0,
478,2020-05-22,20,6.0,9.0,,2.0,2.0,1.0,
479,2020-05-23,24,9.0,3.0,5.0,1.0,2.0,1.0,
480,2020-05-24,19,10.0,2.0,4.0,,,1.0,
481,2020-05-25,21,7.0,6.0,2.0,1.0,,1.0,
482,2020-05-26,18,4.0,5.0,5.0,,1.0,,
483,2020-05-27,21,5.0,2.0,4.0,1.0,5.0,,
484,2020-05-28,22,9.0,6.0,3.0,,2.0,,
485,2020-05-29,22,9.0,7.0,,2.0,,2.0,
486,2020-05-30,21,9.0,8.0,1.0,1.0,,1.0,
487,2020-05-31,19,4.0,5.0,6.0,1.0,1.0,2.0,
488,2020-06-01,24,10.0,3.0,5.0,1.0,,,
489,2020-06-02,20,7.0,5.0,3.0,1.0,1.0,3.0,
490,2020-06-03,27,7.0,5.0,3.0,1.0,1.0,3.0,
491,2020-06-04,17,8.0,6.0,,1.0,,,
492,2020-06-05,29,11.0,6.0,6.0,1.0,,2.0,
493,2020-06-06,21,5.0,6.0,5.0,1.0,2.0,,
494,2020-06-07,19,7.0,4.0,1.0,3.0,1.0,1.0,
495,2020-06-08,28,10.0,5.0,5.0,1.0,,3.0,
496,2020-06-09,26,10.0,8.0,1.0,4.0,,2.0,
497,2020-06-10,23,4.0,9.0,3.0,3.0,1.0,,
498,2020-06-11,28,13.0,8.0,2.0,1.0,,1.0,
499,2020-06-12,27,9.0,8.0,1.0,1.0,1.0,2.0,
500,2020-06-13,32,8.0,6.0,7.0,2.0,1.0,,
501,2020-06-14,28,10.0,2.0,8.0,1.0,2.0,2.0,
502,2020-06-15,29,11.0,7.0,4.0,,1.0,,
503,2020-06-16,22,6.0,8.0,2.0,,1.0,,
504,2020-06-17,34,12.0,5.0,5.0,3.0,,1.0,
505,2020-06-18,24,4.0,5.0,6.0,1.0,,4.0,
506,2020-06-19,30,7.0,5.0,8.0,1.0,1.0,3.0,
507,2020-06-20,24,7.0,6.0,6.0,2.0,,2.0,
508,2020-06-21,26,7.0,6.0,3.0,2.0,2.0,1.0,
509,2020-06-22,28,10.0,4.0,3.0,5.0,1.0,1.0,
510,2020-06-23,24,9.0,7.0,2.0,,1.0,2.0,
511,2020-06-24,16,3.0,4.0,1.0,4.0,,2.0,
512,2020-06-25,24,6.0,3.0,4.0,1.0,2.0,1.0,
513,2020-06-26,17,3.0,4.0,4.0,1.0,,1.0,
514,2020-06-27,21,6.0,4.0,2.0,2.0,1.0,,
515,2020-06-28,24,9.0,6.0,3.0,,2.0,1.0,
516,2020-06-29,32,11.0,11.0,2.0,1.0,1.0,1.0,
517,2020-06-30,29,10.0,7.0,1.0,2.0,1.0,3.0,
518,2020-07-01,22,3.0,9.0,2.0,1.0,,3.0,
519,2020-07-02,25,11.0,5.0,1.0,1.0,,,
520,2020-07-03,18,6.0,4.0,1.0,2.0,,2.0,
521,2020-07-04,22,8.0,2.0,2.0,3.0,1.0,2.0,
522,2020-07-05,25,8.0,5.0,5.0,4.0,,3.0,
523,2020-07-06,19,2.0,6.0,4.0,1.0,,1.0,
524,2020-07-07,23,9.0,6.0,1.0,1.0,2.0,,
525,2020-07-08,28,6.0,5.0,5.0,2.0,3.0,1.0,
526,2020-07-09,20,8.0,4.0,4.0,,,,
527,2020-07-10,20,8.0,3.0,4.0,2.0,,2.0,
528,2020-07-11,26,6.0,8.0,5.0,1.0,3.0,1.0,
529,2020-07-12,23,7.0,7.0,1.0,2.0,1.0,2.0,
530,2020-07-13,19,8.0,2.0,4.0,2.0,,1.0,
531,2020-07-14,24,10.0,4.0,3.0,2.0,1.0,2.0,
532,2020-07-15,24,8.0,8.0,2.0,1.0,2.0,1.0,
533,2020-07-16,28,13.0,7.0,4.0,,,1.0,
534,2020-07-17,30,9.0,8.0,3.0,,3.0,2.0,
535,2020-07-18,26,8.0,5.0,3.0,1.0,1.0,1.0,
536,2020-07-19,28,12.0,6.0,2.0,,3.0,3.0,
537,2020-07-20,25,7.0,8.0,2.0,1.0,,3.0,
538,2020-07-21,26,10.0,5.0,2.0,2.0,2.0,2.0,
539,2020-07-22,31,11.0,5.0,7.0,1.0,2.0,4.0,
540,2020-07-23,24,9.0,4.0,5.0,3.0,,1.0,
541,2020-07-24,28,13.0,3.0,3.0,,,3.0,
542,2020-07-25,22,9.0,7.0,2.0,,1.0,,
543,2020-07-26,26,7.0,8.0,5.0,1.0,,1.0,
544,2020-07-27,27,9.0,7.0,4.0,2.0,,2.0,
545,2020-07-28,23,5.0,9.0,6.0,,,,
546,2020-07-29,29,9.0,5.0,7.0,1.0,1.0,1.0,
547,2020-07-30,22,6.0,6.0,2.0,1.0,2.0,1.0,
548,2020-07-31,30,13.0,7.0,3.0,,1.0,4.0,
549,2020-08-01,26,6.0,2.0,9.0,1.0,2.0,,
550,2020-08-02,35,8.0,7.0,9.0,3.0,1.0,1.0,
551,2020-08-03,33,9.0,9.0,4.0,,1.0,3.0,
552,2020-08-04,24,8.0,4.0,6.0,4.0,,1.0,
553,2020-08-05,35,12.0,7.0,5.0,1.0,,2.0,
554,2020-08-06,33,11.0,7.0,7.0,2.0,,2.0,
555,2020-08-07,22,12.0,5.0,2.0,,,,
556,2020-08-08,33,11.0,9.0,5.0,2.0,2.0,,
557,2020-08-09,33,10.0,5.0,5.0,1.0,3.0,4.0,
558,2020-08-10,21,7.0,4.0,2.0,,2.0,3.0,
559,2020-08-11,23,11.0,4.0,4.0,,2.0,,
560,2020-08-12,22,9.0,2.0,5.0,,,1.0,
561,2020-08-13,22,9.0,6.0,2.0,3.0,,,
562,2020-08-14,30,10.0,3.0,4.0,2.0,5.0,3.0,
563,2020-08-15,25,8.0,3.0,5.0,2.0,2.0,1.0,
564,2020-08-16,25,15.0,2.0,5.0,1.0,,2.0,
565,2020-08-17,28,5.0,8.0,4.0,,2.0,2.0,
566,2020-08-18,30,13.0,8.0,,2.0,1.0,1.0,
567,2020-08-19,30,10.0,7.0,6.0,1.0,3.0,1.0,
568,2020-08-20,24,6.0,3.0,5.0,1.0,2.0,2.0,
569,2020-08-21,24,10.0,6.0,5.0,,,,
570,2020-08-22,26,12.0,2.0,1.0,3.0,1.0,1.0,
571,2020-08-23,34,12.0,10.0,5.0,1.0,,3.0,
572,2020-08-24,30,11.0,7.0,4.0,1.0,,2.0,
573,2020-08-25,22,6.0,7.0,2.0,2.0,,1.0,
574,2020-08-26,27,5.0,5.0,6.0,2.0,2.0,2.0,
575,2020-08-27,28,9.0,5.0,5.0,,1.0,,
576,2020-08-28,33,7.0,9.0,4.0,,4.0,2.0,
577,2020-08-29,25,8.0,8.0,4.0,1.0,1.0,1.0,
578,2020-08-30,37,11.0,10.0,6.0,1.0,1.0,2.0,
579,2020-08-31,29,10.0,5.0,1.0,1.0,4.0,2.0,
580,2020-09-01,29,8.0,8.0,5.0,,2.0,2.0,
581,2020-09-02,21,9.0,5.0,3.0,,1.0,,
582,2020-09-03,37,11.0,10.0,4.0,2.0,,5.0,
583,2020-09-04,27,12.0,7.0,,,2.0,2.0,
584,2020-09-05,30,12.0,4.0,5.0,1.0,1.0,2.0,
585,2020-09-06,31,12.0,1.0,6.0,2.0,1.0,3.0,
586,2020-09-07,38,16.0,6.0,6.0,2.0,3.0,1.0,
587,2020-09-08,34,12.0,8.0,4.0,2.0,2.0,3.0,
588,2020-09-09,25,8.0,5.0,4.0,1.0,2.0,2.0,
589,2020-09-10,27,8.0,7.0,4.0,,2.0,1.0,
590,2020-09-11,35,11.0,11.0,2.0,3.0,2.0,,
591,2020-09-12,21,7.0,6.0,3.0,,1.0,,
592,2020-09-13,35,13.0,8.0,8.0,2.0,1.0,1.0,
593,2020-09-14,26,8.0,5.0,3.0,,3.0,2.0,
594,2020-09-15,35,8.0,6.0,9.0,2.0,1.0,1.0,
595,2020-09-16,25,6.0,6.0,3.0,,2.0,2.0,
596,2020-09-17,29,11.0,8.0,3.0,3.0,2.0,,
597,2020-09-18,30,14.0,6.0,5.0,,1.0,1.0,
598,2020-09-19,34,9.0,13.0,2.0,4.0,,2.0,
599,2020-09-20,21,10.0,6.0,2.0,3.0,,,
600,2020-09-21,39,19.0,7.0,3.0,1.0,1.0,1.0,
601,2020-09-22,25,7.0,6.0,2.0,,1.0,2.0,
602,2020-09-23,25,11.0,6.0,3.0,1.0,3.0,1.0,
603,2020-09-24,27,11.0,4.0,5.0,1.0,,4.0,
604,2020-09-25,22,10.0,2.0,2.0,,1.0,2.0,
605,2020-09-26,35,12.0,7.0,4.0,2.0,1.0,2.0,
606,2020-09-27,23,8.0,3.0,6.0,,,4.0,
607,2020-09-28,29,11.0,4.0,3.0,1.0,1.0,5.0,
608,2020-09-29,41,9.0,9.0,7.0,1.0,2.0,2.0,
609,2020-09-30,29,12.0,5.0,2.0,1.0,3.0,,
610,2020-10-01,30,12.0,7.0,3.0,1.0,2.0,2.0,
611,2020-10-02,25,10.0,8.0,5.0,,1.0,,
612,2020-10-03,27,5.0,9.0,3.0,,,,
613,2020-10-04,24,6.0,6.0,5.0,,2.0,2.0,
614,2020-10-05,31,10.0,7.0,4.0,2.0,2.0,4.0,
615,2020-10-06,28,12.0,5.0,2.0,,1.0,3.0,
616,2020-10-07,35,14.0,5.0,4.0,4.0,2.0,2.0,
617,2020-10-08,23,8.0,2.0,7.0,,,2.0,
618,2020-10-09,39,16.0,9.0,5.0,2.0,2.0,1.0,
619,2020-10-10,25,12.0,6.0,1.0,,1.0,2.0,
620,2020-10-11,33,11.0,10.0,4.0,1.0,2.0,1.0,
621,2020-10-12,34,10.0,5.0,7.0,1.0,5.0,,
622,2020-10-13,31,6.0,8.0,9.0,,1.0,2.0,
623,2020-10-14,27,13.0,4.0,2.0,1.0,2.0,3.0,
624,2020-10-15,23,10.0,4.0,3.0,2.0,1.0,1.0,
625,2020-10-16,39,7.0,15.0,7.0,1.0,,1.0,
626,2020-10-17,31,15.0,3.0,5.0,4.0,1.0,,
627,2020-10-18,39,14.0,3.0,4.0,5.0,4.0,1.0,
628,2020-10-19,37,12.0,9.0,3.0,2.0,5.0,1.0,
629,2020-10-20,29,12.0,5.0,6.0,2.0,2.0,,
630,2020-10-21,43,14.0,11.0,4.0,2.0,2.0,2.0,
631,2020-10-22,36,15.0,10.0,7.0,,1.0,1.0,
632,2020-10-23,30,6.0,10.0,8.0,1.0,1.0,2.0,
633,2020-10-24,25,11.0,5.0,2.0,,,,
634,2020-10-25,21,13.0,1.0,2.0,1.0,,2.0,
635,2020-10-26,37,18.0,4.0,6.0,,,3.0,
636,2020-10-27,31,7.0,10.0,5.0,2.0,,1.0,
637,2020-10-28,29,11.0,5.0,3.0,1.0,1.0,2.0,
638,2020-10-29,24,8.0,7.0,3.0,,1.0,1.0,
639,2020-10-30,25,9.0,4.0,5.0,1.0,2.0,,
640,2020-10-31,40,15.0,9.0,4.0,4.0,1.0,2.0,
641,2020-11-01,37,12.0,12.0,5.0,,1.0,1.0,
642,2020-11-02,42,14.0,11.0,5.0,4.0,2.0,2.0,
643,2020-11-03,27,10.0,7.0,2.0,1.0,,3.0,
644,2020-11-04,31,9.0,6.0,7.0,2.0,1.0,2.0,
645,2020-11-05,35,11.0,12.0,4.0,1.0,3.0,1.0,
646,2020-11-06,34,7.0,10.0,8.0,3.0,1.0,1.0,
647,2020-11-07,27,6.0,6.0,4.0,1.0,2.0,3.0,
648,2020-11-08,30,10.0,7.0,2.0,2.0,,2.0,
649,2020-11-09,34,7.0,9.0,8.0,1.0,,1.0,
650,2020-11-10,47,19.0,12.0,6.0,4.0,2.0,2.0,
651,2020-11-11,45,20.0,5.0,6.0,2.0,1.0,4.0,
652,2020-11-12,39,12.0,11.0,4.0,2.0,1.0,1.0,
653,2020-11-13,31,15.0,4.0,,5.0,,4.0,
654,2020-11-14,37,15.0,7.0,6.0,,,3.0,
655,2020-11-15,33,12.0,8.0,,1.0,2.0,3.0,
656,2020-11-16,28,11.0,8.0,2.0,1.0,,1.0,
657,2020-11-17,47,21.0,12.0,4.0,1.0,2.0,2.0,
658,2020-11-18,37,17.0,6.0,7.0,1.0,1.0,2.0,
659,2020-11-19,35,11.0,3.0,2.0,2.0,3.0,6.0,
660,2020-11-20,36,8.0,10.0,4.0,3.0,1.0,4.0,
661,2020-11-21,33,11.0,6.0,2.0,4.0,2.0,2.0,
662,2020-11-22,36,11.0,3.0,6.0,7.0,2.0,4.0,
663,2020-11-23,37,14.0,6.0,5.0,1.0,3.0,3.0,
664,2020-11-24,35,12.0,10.0,4.0,2.0,2.0,2.0,
665,2020-11-25,25,7.0,3.0,5.0,4.0,1.0,2.0,
666,2020-11-26,27,8.0,6.0,5.0,1.0,1.0,1.0,
667,2020-11-27,40,9.0,6.0,3.0,7.0,6.0,4.0,
668,2020-11-28,35,16.0,4.0,3.0,4.0,2.0,2.0,
669,2020-11-29,38,15.0,9.0,4.0,1.0,2.0,,
670,2020-11-30,43,11.0,6.0,10.0,1.0,2.0,5.0,
671,2020-12-01,28,9.0,5.0,5.0,2.0,1.0,1.0,
672,2020-12-02,30,10.0,8.0,4.0,2.0,,3.0,
673,2020-12-03,39,17.0,10.0,5.0,3.0,2.0,1.0,
674,2020-12-04,40,15.0,8.0,6.0,,1.0,3.0,
675,2020-12-05,30,11.0,8.0,,1.0,1.0,1.0,
676,2020-12-06,25,10.0,3.0,2.0,,2.0,4.0,
677,2020-12-07,34,12.0,9.0,6.0,1.0,1.0,2.0,
678,2020-12-08,35,11.0,6.0,9.0,,1.0,2.0,
679,2020-12-09,47,15.0,13.0,7.0,3.0,1.0,4.0,
680,2020-12-10,34,15.0,6.0,4.0,,1.0,3.0,
681,2020-12-11,34,9.0,11.0,4.0,3.0,1.0,3.0,
682,2020-12-12,37,9.0,11.0,3.0,1.0,1.0,,
683,2020-12-13,34,13.0,6.0,5.0,1.0,2.0,,
684,2020-12-14,28,5.0,9.0,5.0,2.0,2.0,,
685,2020-12-15,43,17.0,10.0,8.0,2.0,1.0,1.0,
686,2020-12-16,32,10.0,9.0,3.0,2.0,1.0,2.0,
687,2020-12-17,33,8.0,6.0,7.0,1.0,1.0,3.0,
688,2020-12-18,30,14.0,9.0,3.0,2.0,,,
689,2020-12-19,26,12.0,1.0,3.0,2.0,1.0,1.0,
690,2020-12-20,33,7.0,7.0,8.0,1.0,2.0,2.0,
691,2020-12-21,35,9.0,7.0,5.0,2.0,1.0,3.0,
692,2020-12-22,35,11.0,8.0,1.0,2.0,1.0,2.0,
693,2020-12-23,34,11.0,7.0,2.0,2.0,2.0,2.0,
694,2020-12-24,35,8.0,8.0,8.0,2.0,2.0,2.0,
695,2020-12-25,27,10.0,5.0,2.0,2.0,1.0,2.0,
696,2020-12-26,31,9.0,5.0,2.0,3.0,3.0,,
697,2020-12-27,47,16.0,15.0,8.0,2.0,1.0,1.0,
698,2020-12-28,32,9.0,12.0,6.0,2.0,,1.0,
699,2020-12-29,34,13.0,6.0,4.0,2.0,1.0,3.0,
700,2020-12-30,47,22.0,10.0,4.0,5.0,,1.0,
701,2020-12-31,40,9.0,9.0,8.0,1.0,1.0,3.0,
702,2021-01-01,33,11.0,12.0,1.0,,2.0,2.0,
703,2021-01-02,44,16.0,11.0,5.0,2.0,1.0,,
704,2021-01-03,38,12.0,9.0,4.0,5.0,2.0,4.0,
705,2021-01-04,39,11.0,11.0,4.0,3.0,,6.0,
706,2021-01-05,43,9.0,14.0,10.0,3.0,2.0,2.0,
707,2021-01-06,38,12.0,12.0,4.0,,,2.0,
708,2021-01-07,29,5.0,7.0,3.0,2.0,,2.0,
709,2021-01-08,45,12.0,15.0,3.0,5.0,2.0,1.0,
710,2021-01-09,37,22.0,2.0,3.0,2.0,1.0,1.0,
711,2021-01-10,37,13.0,6.0,2.0,1.0,2.0,5.0,
712,2021-01-11,36,13.0,8.0,6.0,1.0,3.0,1.0,
713,2021-01-12,34,13.0,5.0,4.0,2.0,,2.0,
714,2021-01-13,34,14.0,9.0,5.0,2.0,,,
715,2021-01-14,37,13.0,8.0,5.0,1.0,2.0,1.0,
716,2021-01-15,34,16.0,11.0,4.0,1.0,,1.0,
717,2021-01-16,38,17.0,6.0,6.0,2.0,2.0,2.0,
718,2021-01-17,29,5.0,9.0,5.0,2.0,3.0,1.0,
719,2021-01-18,41,11.0,8.0,5.0,2.0,2.0,4.0,
720,2021-01-19,36,12.0,8.0,8.0,1.0,,1.0,
721,2021-01-20,38,15.0,8.0,5.0,3.0,1.0,1.0,
722,2021-01-21,37,14.0,6.0,8.0,,3.0,,
723,2021-01-22,46,16.0,8.0,7.0,3.0,4.0,1.0,
724,2021-01-23,44,12.0,12.0,4.0,3.0,2.0,3.0,
725,2021-01-24,41,12.0,6.0,6.0,1.0,3.0,1.0,
726,2021-01-25,35,14.0,6.0,3.0,2.0,1.0,5.0,
727,2021-01-26,46,16.0,11.0,3.0,4.0,3.0,3.0,
728,2021-01-27,31,11.0,9.0,4.0,1.0,1.0,3.0,
729,2021-01-28,31,8.0,10.0,4.0,3.0,2.0,2.0,
730,2021-01-29,41,9.0,8.0,10.0,5.0,2.0,2.0,
731,2021-01-30,39,12.0,7.0,6.0,2.0,,2.0,
732,2021-01-31,41,17.0,6.0,5.0,2.0,4.0,2.0,
733,2021-02-01,40,10.0,11.0,6.0,,1.0,3.0,
734,2021-02-02,39,16.0,9.0,2.0,4.0,1.0,3.0,
735,2021-02-03,49,18.0,8.0,3.0,4.0,3.0,4.0,
736,2021-02-04,42,21.0,5.0,8.0,1.0,2.0,,
737,2021-02-05,35,10.0,9.0,5.0,1.0,2.0,1.0,
738,2021-02-06,38,13.0,7.0,7.0,2.0,,3.0,
739,2021-02-07,27,8.0,5.0,5.0,1.0,,4.0,
740,2021-02-08,33,14.0,3.0,6.0,4.0,1.0,2.0,
741,2021-02-09,46,14.0,11.0,6.0,4.0,1.0,2.0,
742,2021-02-10,42,11.0,11.0,7.0,,3.0,5.0,
743,2021-02-11,35,9.0,6.0,5.0,2.0,1.0,1.0,
744,2021-02-12,46,18.0,10.0,4.0,3.0,2.0,3.0,
745,2021-02-13,42,13.0,12.0,5.0,5.0,3.0,,
746,2021-02-14,52,19.0,15.0,7.0,1.0,,1.0,
747,2021-02-15,36,14.0,10.0,7.0,1.0,,2.0,
748,2021-02-16,36,13.0,6.0,6.0,2.0,,1.0,
749,2021-02-17,25,8.0,8.0,3.0,2.0,,1.0,
750,2021-02-18,50,22.0,12.0,6.0,1.0,4.0,1.0,
751,2021-02-19,35,11.0,12.0,1.0,1.0,2.0,1.0,
752,2021-02-20,45,17.0,9.0,2.0,4.0,3.0,5.0,
753,2021-02-21,43,17.0,11.0,7.0,3.0,,1.0,
754,2021-02-22,28,9.0,6.0,4.0,2.0,2.0,1.0,
755,2021-02-23,43,17.0,7.0,6.0,4.0,,4.0,
756,2021-02-24,33,14.0,8.0,4.0,1.0,3.0,1.0,
757,2021-02-25,47,16.0,10.0,9.0,1.0,2.0,2.0,
758,2021-02-26,56,19.0,11.0,6.0,4.0,2.0,5.0,
759,2021-02-27,38,13.0,7.0,9.0,3.0,,1.0,
760,2021-02-28,39,11.0,6.0,10.0,1.0,4.0,,
761,2021-03-01,31,8.0,10.0,4.0,2.0,1.0,1.0,
762,2021-03-02,38,17.0,11.0,4.0,,1.0,1.0,
763,2021-03-03,36,12.0,8.0,6.0,1.0,3.0,1.0,
764,2021-03-04,48,18.0,8.0,6.0,5.0,1.0,1.0,
765,2021-03-05,43,15.0,12.0,5.0,1.0,4.0,1.0,
766,2021-03-06,47,18.0,13.0,4.0,,3.0,3.0,
767,2021-03-07,39,11.0,8.0,3.0,1.0,3.0,3.0,
768,2021-03-08,35,13.0,4.0,2.0,,2.0,4.0,
769,2021-03-09,49,18.0,5.0,8.0,1.0,1.0,2.0,
770,2021-03-10,35,14.0,9.0,4.0,1.0,1.0,1.0,
771,2021-03-11,47,21.0,8.0,5.0,,2.0,3.0,
772,2021-03-12,41,11.0,12.0,6.0,3.0,2.0,2.0,
773,2021-03-13,42,14.0,12.0,1.0,,2.0,7.0,
774,2021-03-14,46,11.0,9.0,6.0,3.0,4.0,2.0,
775,2021-03-15,40,11.0,13.0,9.0,,,1.0,
776,2021-03-16,50,18.0,11.0,5.0,2.0,4.0,2.0,
777,2021-03-17,35,13.0,5.0,6.0,,4.0,1.0,
778,2021-03-18,34,21.0,4.0,3.0,,1.0,2.0,
779,2021-03-19,44,17.0,11.0,7.0,2.0,2.0,,
780,2021-03-20,27,11.0,3.0,4.0,1.0,2.0,,
781,2021-03-21,35,10.0,13.0,4.0,1.0,2.0,2.0,
782,2021-03-22,41,15.0,8.0,5.0,1.0,4.0,2.0,
783,2021-03-23,39,13.0,10.0,1.0,4.0,,2.0,
784,2021-03-24,38,15.0,8.0,5.0,1.0,2.0,4.0,
785,2021-03-25,47,16.0,11.0,9.0,1.0,4.0,,
786,2021-03-26,46,10.0,10.0,4.0,5.0,2.0,3.0,
787,2021-03-27,35,14.0,8.0,4.0,2.0,2.0,3.0,
788,2021-03-28,34,13.0,6.0,7.0,3.0,,3.0,
789,2021-03-29,38,13.0,6.0,9.0,,2.0,,
790,2021-03-30,52,21.0,8.0,10.0,2.0,1.0,3.0,
791,2021-03-31,40,15.0,8.0,3.0,1.0,1.0,,
792,2021-04-01,40,10.0,10.0,10.0,2.0,2.0,2.0,
793,2021-04-02,36,12.0,9.0,6.0,2.0,,3.0,
794,2021-04-03,35,12.0,9.0,4.0,2.0,1.0,3.0,
795,2021-04-04,47,11.0,15.0,8.0,2.0,3.0,2.0,
796,2021-04-05,44,14.0,9.0,6.0,2.0,1.0,3.0,
797,2021-04-06,40,14.0,7.0,4.0,2.0,2.0,2.0,
798,2021-04-07,40,11.0,14.0,6.0,,1.0,1.0,
799,2021-04-08,43,15.0,10.0,8.0,,1.0,3.0,
800,2021-04-09,48,20.0,5.0,8.0,1.0,2.0,3.0,
801,2021-04-10,56,21.0,14.0,9.0,3.0,,1.0,
802,2021-04-11,50,19.0,8.0,8.0,3.0,2.0,,
803,2021-04-12,41,13.0,10.0,7.0,,1.0,2.0,
804,2021-04-13,30,12.0,8.0,3.0,2.0,1.0,2.0,
805,2021-04-14,41,15.0,12.0,4.0,1.0,2.0,1.0,
806,2021-04-15,40,15.0,11.0,,4.0,2.0,,
807,2021-04-16,33,11.0,8.0,5.0,2.0,1.0,1.0,
808,2021-04-17,48,24.0,7.0,6.0,2.0,2.0,2.0,
809,2021-04-18,37,9.0,12.0,4.0,2.0,1.0,4.0,
810,2021-04-19,54,13.0,18.0,7.0,,5.0,1.0,
811,2021-04-20,39,9.0,12.0,5.0,1.0,1.0,2.0,
812,2021-04-21,51,14.0,11.0,12.0,2.0,3.0,,
813,2021-04-22,41,13.0,10.0,9.0,,4.0,,
814,2021-04-23,29,8.0,13.0,1.0,,,3.0,
815,2021-04-24,33,12.0,8.0,4.0,2.0,1.0,2.0,
816,2021-04-25,41,15.0,7.0,5.0,1.0,1.0,1.0,
817,2021-04-26,47,16.0,13.0,8.0,3.0,1.0,1.0,
818,2021-04-27,47,14.0,12.0,12.0,3.0,1.0,2.0,
819,2021-04-28,48,19.0,11.0,4.0,1.0,1.0,4.0,
820,2021-04-29,49,18.0,10.0,5.0,3.0,3.0,7.0,
821,2021-04-30,56,18.0,10.0,16.0,4.0,1.0,1.0,
822,2021-05-01,50,17.0,6.0,12.0,4.0,2.0,4.0,
823,2021-05-02,37,11.0,7.0,7.0,3.0,4.0,3.0,
824,2021-05-03,51,16.0,11.0,10.0,3.0,2.0,3.0,
825,2021-05-04,37,18.0,9.0,3.0,,1.0,4.0,
826,2021-05-05,37,15.0,5.0,9.0,,1.0,2.0,
827,2021-05-06,42,10.0,9.0,9.0,2.0,4.0,2.0,
828,2021-05-07,44,16.0,13.0,3.0,,3.0,3.0,
829,2021-05-08,40,19.0,3.0,6.0,1.0,2.0,2.0,
830,2021-05-09,45,14.0,8.0,5.0,2.0,5.0,2.0,
831,2021-05-10,47,22.0,11.0,5.0,1.0,,3.0,
832,2021-05-11,43,14.0,11.0,3.0,5.0,2.0,1.0,
833,2021-05-12,57,23.0,13.0,8.0,4.0,3.0,2.0,
834,2021-05-13,37,16.0,9.0,4.0,1.0,2.0,1.0,
835,2021-05-14,48,13.0,13.0,4.0,4.0,3.0,3.0,
836,2021-05-15,45,19.0,10.0,6.0,,1.0,2.0,
837,2021-05-16,43,13.0,9.0,5.0,4.0,2.0,2.0,
838,2021-05-17,47,11.0,8.0,17.0,1.0,,5.0,
839,2021-05-18,43,10.0,9.0,7.0,3.0,3.0,1.0,
840,2021-05-19,29,9.0,8.0,2.0,3.0,1.0,1.0,
841,2021-05-20,38,14.0,12.0,2.0,1.0,2.0,4.0,
842,2021-05-21,44,17.0,4.0,8.0,1.0,,4.0,
843,2021-05-22,47,11.0,8.0,11.0,3.0,3.0,5.0,
844,2021-05-23,47,14.0,10.0,8.0,2.0,3.0,5.0,
845,2021-05-24,48,17.0,8.0,3.0,3.0,1.0,4.0,
846,2021-05-25,42,15.0,10.0,7.0,1.0,,,
847,2021-05-26,40,13.0,8.0,9.0,,2.0,7.0,
848,2021-05-27,34,13.0,6.0,4.0,1.0,,3.0,
849,2021-05-28,46,14.0,15.0,4.0,1.0,2.0,5.0,
850,2021-05-29,39,12.0,10.0,6.0,,1.0,1.0,
851,2021-05-30,54,18.0,11.0,10.0,2.0,2.0,7.0,
852,2021-05-31,54,21.0,10.0,6.0,1.0,4.0,5.0,
853,2021-06-01,42,10.0,8.0,7.0,5.0,4.0,2.0,
854,2021-06-02,50,17.0,9.0,7.0,2.0,4.0,1.0,
855,2021-06-03,51,14.0,13.0,7.0,6.0,2.0,4.0,
856,2021-06-04,46,19.0,7.0,9.0,3.0,4.0,,
857,2021-06-05,58,22.0,10.0,9.0,6.0,5.0,1.0,
858,2021-06-06,50,20.0,10.0,5.0,1.0,6.0,1.0,
859,2021-06-07,52,23.0,14.0,3.0,1.0,3.0,2.0,
860,2021-06-08,47,11.0,11.0,9.0,1.0,2.0,2.0,
861,2021-06-09,45,16.0,9.0,7.0,4.0,3.0,2.0,
862,2021-06-10,41,13.0,9.0,3.0,1.0,2.0,3.0,
863,2021-06-11,55,20.0,13.0,2.0,1.0,1.0,4.0,
864,2021-06-12,38,13.0,9.0,7.0,1.0,2.0,1.0,
865,2021-06-13,46,17.0,13.0,6.0,,3.0,2.0,
866,2021-06-14,56,17.0,10.0,14.0,2.0,2.0,1.0,
867,2021-06-15,48,26.0,6.0,7.0,3.0,,1.0,
868,2021-06-16,42,13.0,10.0,10.0,2.0,1.0,2.0,
869,2021-06-17,56,19.0,11.0,9.0,1.0,2.0,4.0,
870,2021-06-18,50,21.0,11.0,9.0,1.0,,,
871,2021-06-19,45,13.0,7.0,8.0,3.0,2.0,1.0,
872,2021-06-20,51,16.0,12.0,11.0,1.0,,4.0,
873,2021-06-21,47,20.0,7.0,7.0,1.0,1.0,2.0,
874,2021-06-22,67,23.0,13.0,10.0,3.0,3.0,1.0,
875,2021-06-23,41,21.0,6.0,6.0,1.0,1.0,1.0,
876,2021-06-24,61,19.0,16.0,8.0,4.0,1.0,4.0,
877,2021-06-25,41,11.0,11.0,7.0,,1.0,2.0,
878,2021-06-26,52,18.0,14.0,7.0,1.0,2.0,2.0,
879,2021-06-27,54,17.0,13.0,5.0,2.0,2.0,3.0,
880,2021-06-28,53,20.0,10.0,10.0,4.0,2.0,1.0,
881,2021-06-29,44,17.0,11.0,4.0,4.0,,1.0,
882,2021-06-30,55,21.0,14.0,6.0,4.0,2.0,2.0,
883,2021-07-01,32,10.0,7.0,6.0,2.0,2.0,1.0,
884,2021-07-02,42,17.0,9.0,7.0,1.0,1.0,1.0,
885,2021-07-03,40,22.0,6.0,6.0,2.0,,1.0,
886,2021-07-04,47,21.0,11.0,7.0,3.0,2.0,,
887,2021-07-05,45,17.0,13.0,5.0,,3.0,1.0,
888,2021-07-06,49,18.0,15.0,1.0,2.0,1.0,1.0,
889,2021-07-07,53,19.0,11.0,5.0,,8.0,5.0,
890,2021-07-08,59,17.0,11.0,13.0,4.0,4.0,6.0,
891,2021-07-09,56,14.0,14.0,16.0,3.0,1.0,,
892,2021-07-10,45,13.0,12.0,6.0,4.0,3.0,2.0,
893,2021-07-11,39,18.0,6.0,5.0,2.0,1.0,2.0,
894,2021-07-12,56,25.0,9.0,7.0,3.0,1.0,2.0,
895,2021-07-13,51,14.0,11.0,7.0,2.0,2.0,4.0,
896,2021-07-14,48,17.0,7.0,8.0,3.0,1.0,2.0,
897,2021-07-15,53,13.0,12.0,8.0,2.0,4.0,1.0,
898,2021-07-16,50,18.0,12.0,6.0,4.0,4.0,2.0,
899,2021-07-17,56,25.0,15.0,4.0,1.0,3.0,2.0,
900,2021-07-18,46,15.0,15.0,5.0,1.0,3.0,2.0,
901,2021-07-19,43,20.0,7.0,7.0,2.0,,3.0,
902,2021-07-20,59,24.0,12.0,11.0,2.0,1.0,3.0,
903,2021-07-21,47,18.0,6.0,6.0,3.0,4.0,1.0,
904,2021-07-22,48,20.0,10.0,6.0,3.0,1.0,1.0,
905,2021-07-23,54,15.0,16.0,4.0,2.0,3.0,6.0,
906,2021-07-24,57,17.0,12.0,5.0,3.0,5.0,3.0,
907,2021-07-25,51,16.0,11.0,5.0,2.0,5.0,5.0,
908,2021-07-26,51,16.0,14.0,10.0,,1.0,4.0,
909,2021-07-27,53,16.0,8.0,9.0,4.0,1.0,4.0,
910,2021-07-28,65,20.0,19.0,8.0,5.0,1.0,4.0,
911,2021-07-29,52,20.0,14.0,6.0,2.0,2.0,1.0,
912,2021-07-30,49,24.0,8.0,7.0,,1.0,4.0,
913,2021-07-31,46,13.0,14.0,8.0,,2.0,2.0,
914,2021-08-01,72,26.0,13.0,8.0,5.0,2.0,7.0,
915,2021-08-02,59,24.0,11.0,10.0,,1.0,2.0,
916,2021-08-03,46,18.0,11.0,7.0,3.0,1.0,1.0,
917,2021-08-04,46,13.0,9.0,3.0,3.0,1.0,4.0,
918,2021-08-05,56,17.0,13.0,6.0,4.0,5.0,5.0,
919,2021-08-06,57,19.0,10.0,9.0,10.0,2.0,5.0,
920,2021-08-07,58,16.0,15.0,14.0,,1.0,6.0,
921,2021-08-08,32,8.0,12.0,,2.0,3.0,,
922,2021-08-09,58,24.0,9.0,10.0,2.0,2.0,1.0,
923,2021-08-10,72,19.0,14.0,12.0,4.0,7.0,8.0,
924,2021-08-11,63,16.0,19.0,13.0,1.0,4.0,2.0,
925,2021-08-12,51,18.0,13.0,7.0,4.0,3.0,3.0,
926,2021-08-13,56,20.0,13.0,4.0,1.0,1.0,5.0,
927,2021-08-14,53,18.0,17.0,7.0,1.0,4.0,,
928,2021-08-15,46,15.0,10.0,8.0,2.0,2.0,2.0,
929,2021-08-16,55,23.0,15.0,5.0,3.0,1.0,2.0,
930,2021-08-17,45,12.0,6.0,9.0,7.0,3.0,3.0,
931,2021-08-18,44,13.0,11.0,6.0,3.0,2.0,4.0,
932,2021-08-19,50,11.0,14.0,7.0,2.0,,4.0,
933,2021-08-20,39,9.0,13.0,6.0,3.0,1.0,2.0,
934,2021-08-21,50,12.0,14.0,4.0,2.0,3.0,4.0,
935,2021-08-22,52,19.0,15.0,7.0,1.0,,2.0,
936,2021-08-23,46,14.0,9.0,6.0,2.0,1.0,7.0,
937,2021-08-24,38,9.0,9.0,5.0,4.0,1.0,2.0,
938,2021-08-25,50,18.0,10.0,8.0,2.0,,5.0,
939,2021-08-26,58,23.0,12.0,8.0,4.0,,1.0,
940,2021-08-27,49,19.0,10.0,4.0,3.0,1.0,5.0,
941,2021-08-28,45,18.0,8.0,8.0,2.0,2.0,5.0,
942,2021-08-29,50,18.0,10.0,8.0,4.0,2.0,2.0,
943,2021-08-30,58,11.0,16.0,7.0,6.0,3.0,4.0,
944,2021-08-31,46,15.0,8.0,11.0,2.0,3.0,,
945,2021-09-01,70,26.0,20.0,9.0,2.0,4.0,3.0,
946,2021-09-02,44,12.0,11.0,9.0,2.0,1.0,3.0,
947,2021-09-03,45,17.0,14.0,5.0,2.0,4.0,1.0,
948,2021-09-04,55,17.0,11.0,7.0,4.0,3.0,5.0,
949,2021-09-05,53,15.0,14.0,7.0,3.0,4.0,2.0,
950,2021-09-06,55,13.0,11.0,12.0,4.0,1.0,2.0,
951,2021-09-07,50,20.0,6.0,6.0,5.0,1.0,3.0,
952,2021-09-08,48,15.0,10.0,7.0,3.0,2.0,3.0,
953,2021-09-09,44,17.0,7.0,6.0,3.0,2.0,3.0,
954,2021-09-10,55,18.0,8.0,10.0,4.0,2.0,5.0,
955,2021-09-11,42,9.0,11.0,3.0,7.0,2.0,3.0,
956,2021-09-12,61,21.0,16.0,7.0,1.0,6.0,,
957,2021-09-13,65,23.0,12.0,9.0,4.0,1.0,3.0,
958,2021-09-14,46,21.0,6.0,8.0,5.0,1.0,3.0,
959,2021-09-15,65,21.0,13.0,15.0,,1.0,4.0,
960,2021-09-16,54,13.0,10.0,11.0,2.0,3.0,3.0,
961,2021-09-17,53,23.0,11.0,7.0,2.0,2.0,2.0,
962,2021-09-18,49,19.0,8.0,7.0,3.0,,3.0,
963,2021-09-19,51,19.0,18.0,3.0,1.0,,2.0,
964,2021-09-20,56,14.0,14.0,10.0,6.0,2.0,5.0,
965,2021-09-21,59,22.0,14.0,14.0,3.0,1.0,3.0,
966,2021-09-22,60,15.0,20.0,7.0,2.0,4.0,3.0,
967,2021-09-23,51,15.0,12.0,6.0,4.0,2.0,7.0,
968,2021-09-24,50,21.0,12.0,5.0,2.0,2.0,,
969,2021-09-25,68,26.0,14.0,7.0,5.0,,3.0,
970,2021-09-26,49,21.0,8.0,7.0,2.0,1.0,5.0,
971,2021-09-27,66,17.0,18.0,8.0,5.0,7.0,3.0,
972,2021-09-28,55,17.0,12.0,7.0,3.0,3.0,4.0,
973,2021-09-29,48,18.0,11.0,8.0,4.0,1.0,3.0,
974,2021-09-30,56,13.0,13.0,9.0,2.0,4.0,5.0,
975,2021-10-01,43,12.0,8.0,8.0,3.0,,4.0,
976,2021-10-02,56,24.0,13.0,5.0,3.0,2.0,3.0,
977,2021-10-03,47,16.0,12.0,8.0,2.0,2.0,3.0,
978,2021-10-04,68,20.0,18.0,14.0,1.0,2.0,5.0,
979,2021-10-05,46,13.0,9.0,8.0,3.0,2.0,1.0,
980,2021-10-06,66,22.0,17.0,10.0,3.0,1.0,2.0,
981,2021-10-07,55,25.0,10.0,9.0,2.0,,2.0,
982,2021-10-08,52,14.0,15.0,8.0,4.0,3.0,,
983,2021-10-09,48,13.0,13.0,6.0,4.0,5.0,,
984,2021-10-10,61,19.0,12.0,13.0,3.0,4.0,1.0,
985,2021-10-11,69,27.0,10.0,10.0,4.0,3.0,4.0,
986,2021-10-12,57,10.0,17.0,4.0,2.0,7.0,4.0,
987,2021-10-13,63,21.0,10.0,13.0,1.0,3.0,4.0,
988,2021-10-14,54,22.0,10.0,12.0,,3.0,1.0,
989,2021-10-15,58,22.0,14.0,8.0,3.0,1.0,2.0,
990,2021-10-16,57,22.0,18.0,7.0,3.0,1.0,1.0,
991,2021-10-17,68,26.0,16.0,15.0,4.0,,3.0,
992,2021-10-18,58,18.0,17.0,8.0,2.0,2.0,1.0,
993,2021-10-19,52,22.0,15.0,3.0,3.0,3.0,3.0,
994,2021-10-20,56,21.0,15.0,7.0,4.0,2.0,2.0,
995,2021-10-21,52,11.0,14.0,10.0,4.0,1.0,2.0,
996,2021-10-22,58,15.0,17.0,8.0,2.0,2.0,4.0,
997,2021-10-23,50,8.0,9.0,9.0,5.0,5.0,5.0,
998,2021-10-24,66,22.0,18.0,8.0,3.0,2.0,5.0,
999,2021-10-25,65,20.0,14.0,9.0,2.0,4.0,7.0,
1000,2021-10-26,86,30.0,27.0,10.0,4.0,2.0,2.0,
1001,2021-10-27,60,18.0,14.0,10.0,3.0,3.0,1.0,
1002,2021-10-28,48,18.0,9.0,4.0,4.0,2.0,2.0,
1003,2021-10-29,67,23.0,13.0,12.0,3.0,1.0,1.0,
1004,2021-10-30,65,26.0,13.0,10.0,3.0,2.0,4.0,
1005,2021-10-31,62,22.0,16.0,8.0,3.0,1.0,4.0,
1006,2021-11-01,58,19.0,16.0,8.0,6.0,1.0,3.0,
1007,2021-11-02,63,19.0,16.0,8.0,2.0,5.0,6.0,
1008,2021-11-03,65,22.0,12.0,12.0,3.0,2.0,2.0,
1009,2021-11-04,60,25.0,11.0,6.0,4.0,4.0,1.0,
1010,2021-11-05,65,17.0,20.0,11.0,1.0,3.0,4.0,
1011,2021-11-06,65,30.0,9.0,10.0,2.0,1.0,3.0,
1012,2021-11-07,63,21.0,15.0,12.0,2.0,1.0,4.0,
1013,2021-11-08,79,27.0,18.0,10.0,3.0,4.0,5.0,
1014,2021-11-09,59,20.0,15.0,6.0,4.0,1.0,4.0,
1015,2021-11-10,50,21.0,9.0,3.0,2.0,3.0,5.0,
1016,2021-11-11,54,17.0,12.0,6.0,,3.0,4.0,
1017,2021-11-12,52,20.0,9.0,8.0,4.0,2.0,2.0,
1018,2021-11-13,50,14.0,19.0,5.0,2.0,3.0,1.0,
1019,2021-11-14,66,21.0,15.0,7.0,4.0,2.0,6.0,
1020,2021-11-15,69,25.0,18.0,11.0,3.0,,6.0,
1021,2021-11-16,68,14.0,15.0,14.0,2.0,1.0,7.0,
1022,2021-11-17,56,19.0,14.0,5.0,4.0,2.0,1.0,
1023,2021-11-18,71,24.0,20.0,12.0,1.0,,6.0,
1024,2021-11-19,50,15.0,12.0,11.0,1.0,1.0,1.0,
1025,2021-11-20,63,25.0,13.0,8.0,1.0,,3.0,
1026,2021-11-21,68,26.0,14.0,7.0,6.0,2.0,10.0,
1027,2021-11-22,65,20.0,18.0,8.0,2.0,4.0,7.0,
1028,2021-11-23,64,18.0,18.0,9.0,4.0,2.0,2.0,
1029,2021-11-24,57,17.0,16.0,5.0,2.0,2.0,4.0,
1030,2021-11-25,59,24.0,6.0,7.0,6.0,1.0,4.0,
1031,2021-11-26,65,24.0,12.0,11.0,2.0,6.0,3.0,
1032,2021-11-27,68,24.0,16.0,5.0,4.0,1.0,3.0,
1033,2021-11-28,67,15.0,17.0,13.0,3.0,1.0,2.0,
1034,2021-11-29,65,16.0,14.0,9.0,7.0,7.0,4.0,
1035,2021-11-30,76,26.0,14.0,12.0,5.0,1.0,9.0,
1036,2021-12-01,58,20.0,10.0,13.0,3.0,2.0,3.0,
1037,2021-12-02,45,16.0,10.0,7.0,1.0,3.0,2.0,
1038,2021-12-03,54,11.0,9.0,13.0,5.0,6.0,4.0,
1039,2021-12-04,57,16.0,12.0,8.0,3.0,1.0,5.0,
1040,2021-12-05,62,22.0,15.0,8.0,3.0,3.0,3.0,
1041,2021-12-06,64,15.0,14.0,7.0,5.0,2.0,7.0,
1042,2021-12-07,66,20.0,14.0,8.0,5.0,5.0,2.0,
1043,2021-12-08,44,17.0,14.0,2.0,3.0,,1.0,
1044,2021-12-09,63,26.0,11.0,7.0,,3.0,4.0,
1045,2021-12-10,54,22.0,11.0,5.0,5.0,,3.0,
1046,2021-12-11,65,25.0,12.0,11.0,4.0,2.0,4.0,
1047,2021-12-12,50,17.0,9.0,9.0,1.0,3.0,3.0,
1048,2021-12-13,50,14.0,8.0,16.0,1.0,2.0,1.0,
1049,2021-12-14,67,27.0,10.0,12.0,5.0,3.0,2.0,
1050,2021-12-15,81,21.0,21.0,13.0,5.0,2.0,2.0,
1051,2021-12-16,55,24.0,7.0,4.0,4.0,6.0,2.0,
1052,2021-12-17,66,23.0,15.0,9.0,1.0,2.0,7.0,
1053,2021-12-18,55,16.0,9.0,9.0,3.0,4.0,4.0,
1054,2021-12-19,58,26.0,8.0,9.0,2.0,2.0,7.0,
1055,2021-12-20,60,23.0,14.0,7.0,1.0,2.0,1.0,
1056,2021-12-21,74,18.0,22.0,12.0,4.0,4.0,3.0,
1057,2021-12-22,65,26.0,15.0,9.0,2.0,1.0,1.0,
1058,2021-12-23,77,25.0,16.0,16.0,,2.0,4.0,
1059,2021-12-24,71,21.0,17.0,12.0,4.0,6.0,2.0,
1060,2021-12-25,75,19.0,19.0,11.0,5.0,2.0,7.0,
1061,2021-12-26,68,17.0,14.0,10.0,6.0,4.0,6.0,
1062,2021-12-27,60,15.0,17.0,5.0,6.0,2.0,4.0,
1063,2021-12-28,68,23.0,8.0,10.0,7.0,6.0,3.0,
1064,2021-12-29,65,20.0,17.0,13.0,2.0,2.0,3.0,
1065,2021-12-30,63,18.0,17.0,11.0,3.0,1.0,4.0,
1066,2021-12-31,54,12.0,11.0,6.0,4.0,4.0,1.0,
1067,2022-01-01,60,21.0,18.0,7.0,1.0,4.0,3.0,
1068,2022-01-02,76,22.0,20.0,6.0,2.0,3.0,5.0,
1069,2022-01-03,65,17.0,16.0,13.0,2.0,2.0,4.0,
1070,2022-01-04,69,23.0,13.0,11.0,5.0,3.0,,
1071,2022-01-05,85,24.0,24.0,18.0,5.0,,1.0,
1072,2022-01-06,50,18.0,10.0,5.0,3.0,3.0,5.0,
1073,2022-01-07,80,22.0,17.0,10.0,3.0,5.0,6.0,
1074,2022-01-08,77,17.0,22.0,10.0,4.0,3.0,6.0,
1075,2022-01-09,62,24.0,16.0,10.0,4.0,2.0,5.0,
1076,2022-01-10,73,32.0,16.0,9.0,2.0,3.0,2.0,
1077,2022-01-11,65,17.0,19.0,8.0,6.0,4.0,2.0,
1078,2022-01-12,62,18.0,14.0,9.0,7.0,,4.0,
1079,2022-01-13,85,30.0,15.0,15.0,3.0,2.0,5.0,
1080,2022-01-14,75,28.0,19.0,9.0,3.0,1.0,2.0,
1081,2022-01-15,62,21.0,17.0,13.0,,2.0,5.0,
1082,2022-01-16,58,20.0,12.0,10.0,2.0,6.0,3.0,
1083,2022-01-17,62,18.0,12.0,8.0,9.0,1.0,2.0,
1084,2022-01-18,68,29.0,10.0,10.0,6.0,5.0,3.0,
1085,2022-01-19,68,19.0,23.0,5.0,,5.0,1.0,
1086,2022-01-20,59,21.0,13.0,13.0,3.0,1.0,3.0,
1087,2022-01-21,59,18.0,8.0,10.0,3.0,4.0,4.0,
1088,2022-01-22,69,22.0,17.0,14.0,4.0,3.0,1.0,
1089,2022-01-23,61,24.0,15.0,6.0,2.0,2.0,5.0,
1090,2022-01-24,61,24.0,14.0,8.0,2.0,5.0,2.0,
1091,2022-01-25,64,18.0,18.0,9.0,7.0,4.0,2.0,
1092,2022-01-26,66,21.0,16.0,11.0,2.0,2.0,1.0,
1093,2022-01-27,60,24.0,14.0,9.0,2.0,,1.0,
1094,2022-01-28,75,23.0,15.0,16.0,2.0,4.0,2.0,
1095,2022-01-29,63,19.0,13.0,11.0,1.0,4.0,6.0,
1096,2022-01-30,70,18.0,15.0,14.0,5.0,3.0,4.0,
1097,2022-01-31,65,21.0,15.0,12.0,6.0,1.0,2.0,
1098,2022-02-01,60,17.0,12.0,11.0,3.0,3.0,4.0,
1099,2022-02-02,67,28.0,10.0,9.0,2.0,3.0,4.0,
1100,2022-02-03,74,18.0,17.0,15.0,4.0,1.0,6.0,
1101,2022-02-04,66,20.0,19.0,14.0,1.0,3.0,2.0,
1102,2022-02-05,74,27.0,11.0,12.0,2.0,2.0,7.0,
1103,2022-02-06,76,19.0,22.0,12.0,5.0,3.0,6.0,
1104,2022-02-07,65,16.0,18.0,9.0,1.0,5.0,3.0,
1105,2022-02-08,64,18.0,15.0,12.0,4.0,1.0,6.0,
1106,2022-02-09,77,34.0,14.0,8.0,5.0,3.0,4.0,
1107,2022-02-10,70,23.0,14.0,10.0,6.0,2.0,2.0,
1108,2022-02-11,64,23.0,15.0,11.0,1.0,2.0,5.0,
1109,2022-02-12,62,19.0,17.0,11.0,7.0,,,
1110,2022-02-13,56,16.0,13.0,7.0,6.0,3.0,6.0,
1111,2022-02-14,79,28.0,17.0,13.0,4.0,4.0,2.0,
1112,2022-02-15,64,23.0,14.0,7.0,2.0,4.0,3.0,
1113,2022-02-16,75,17.0,13.0,11.0,7.0,6.0,4.0,
1114,2022-02-17,75,23.0,14.0,12.0,4.0,5.0,3.0,
1115,2022-02-18,67,17.0,13.0,12.0,5.0,5.0,3.0,
1116,2022-02-19,64,22.0,18.0,7.0,3.0,3.0,2.0,
1117,2022-02-20,82,27.0,17.0,13.0,6.0,2.0,6.0,
1118,2022-02-21,77,25.0,17.0,10.0,1.0,6.0,3.0,
1119,2022-02-22,61,16.0,15.0,9.0,5.0,3.0,1.0,
1120,2022-02-23,75,24.0,15.0,13.0,1.0,4.0,8.0,
1121,2022-02-24,72,34.0,18.0,9.0,3.0,,3.0,
1122,2022-02-25,60,23.0,8.0,7.0,1.0,3.0,5.0,
1123,2022-02-26,61,22.0,12.0,6.0,1.0,3.0,5.0,
1124,2022-02-27,79,27.0,18.0,8.0,9.0,1.0,4.0,
1125,2022-02-28,85,32.0,19.0,10.0,4.0,3.0,5.0,
1126,2022-03-01,75,29.0,14.0,9.0,4.0,2.0,4.0,
1127,2022-03-02,63,23.0,14.0,8.0,3.0,3.0,3.0,
1128,2022-03-03,76,29.0,11.0,8.0,3.0,6.0,3.0,
1129,2022-03-04,70,19.0,17.0,13.0,4.0,1.0,5.0,
1130,2022-03-05,70,28.0,9.0,8.0,4.0,1.0,4.0,
1131,2022-03-06,69,22.0,13.0,8.0,7.0,5.0,5.0,
1132,2022-03-07,61,20.0,10.0,10.0,5.0,4.0,2.0,
1133,2022-03-08,75,32.0,14.0,7.0,3.0,4.0,6.0,
1134,2022-03-09,68,27.0,13.0,13.0,3.0,2.0,1.0,
1135,2022-03-10,72,26.0,10.0,9.0,3.0,3.0,3.0,
1136,2022-03-11,78,23.0,22.0,9.0,6.0,4.0,1.0,
1137,2022-03-12,85,30.0,19.0,11.0,4.0,4.0,6.0,
1138,2022-03-13,65,28.0,13.0,5.0,2.0,6.0,1.0,
1139,2022-03-14,82,31.0,18.0,6.0,4.0,4.0,7.0,
1140,2022-03-15,66,23.0,18.0,7.0,3.0,2.0,1.0,
1141,2022-03-16,71,23.0,10.0,12.0,7.0,3.0,3.0,
1142,2022-03-17,70,27.0,7.0,14.0,4.0,3.0,3.0,
1143,2022-03-18,68,21.0,16.0,15.0,1.0,1.0,5.0,
1144,2022-03-19,65,15.0,15.0,12.0,4.0,3.0,6.0,
1145,2022-03-20,79,27.0,16.0,11.0,3.0,4.0,5.0,
1146,2022-03-21,78,31.0,18.0,13.0,3.0,2.0,4.0,
1147,2022-03-22,77,19.0,13.0,11.0,3.0,5.0,12.0,
1148,2022-03-23,76,27.0,13.0,12.0,7.0,9.0,,
1149,2022-03-24,58,17.0,19.0,1.0,3.0,5.0,5.0,
1150,2022-03-25,84,34.0,20.0,7.0,9.0,2.0,4.0,
1151,2022-03-26,65,18.0,13.0,11.0,2.0,2.0,3.0,
1152,2022-03-27,77,29.0,15.0,8.0,5.0,3.0,4.0,
1153,2022-03-28,73,22.0,15.0,12.0,3.0,5.0,5.0,
1154,2022-03-29,68,21.0,9.0,11.0,7.0,3.0,5.0,
1155,2022-03-30,82,25.0,23.0,10.0,4.0,2.0,6.0,
1156,2022-03-31,89,24.0,16.0,14.0,7.0,3.0,12.0,
1157,2022-04-01,82,22.0,16.0,20.0,1.0,4.0,9.0,
1158,2022-04-02,75,20.0,13.0,17.0,7.0,4.0,5.0,
1159,2022-04-03,78,20.0,24.0,14.0,1.0,2.0,5.0,
1160,2022-04-04,64,19.0,13.0,10.0,7.0,1.0,3.0,
1161,2022-04-05,82,23.0,20.0,12.0,4.0,1.0,5.0,
1162,2022-04-06,71,21.0,18.0,17.0,2.0,1.0,3.0,
1163,2022-04-07,64,20.0,16.0,11.0,4.0,1.0,4.0,
1164,2022-04-08,82,28.0,19.0,6.0,8.0,6.0,7.0,
1165,2022-04-09,83,23.0,14.0,14.0,2.0,6.0,7.0,
1166,2022-04-10,79,31.0,16.0,12.0,3.0,5.0,3.0,
1167,2022-04-11,81,28.0,18.0,8.0,4.0,4.0,5.0,
1168,2022-04-12,64,27.0,12.0,11.0,1.0,4.0,2.0,
1169,2022-04-13,71,24.0,21.0,8.0,3.0,2.0,3.0,
1170,2022-04-14,80,26.0,22.0,13.0,2.0,1.0,3.0,
1171,2022-04-15,74,23.0,21.0,10.0,3.0,4.0,3.0,
1172,2022-04-16,85,23.0,22.0,11.0,6.0,3.0,5.0,
1173,2022-04-17,75,27.0,23.0,11.0,1.0,2.0,2.0,
1174,2022-04-18,70,23.0,13.0,9.0,6.0,5.0,2.0,
1175,2022-04-19,77,23.0,17.0,12.0,4.0,4.0,7.0,
1176,2022-04-20,71,22.0,22.0,6.0,4.0,4.0,3.0,
1177,2022-04-21,86,25.0,28.0,8.0,4.0,4.0,4.0,
1178,2022-04-22,73,27.0,13.0,14.0,3.0,4.0,4.0,
1179,2022-04-23,66,19.0,11.0,13.0,6.0,1.0,2.0,
1180,2022-04-24,77,24.0,19.0,9.0,3.0,2.0,6.0,
1181,2022-04-25,79,34.0,12.0,16.0,3.0,5.0,3.0,
1182,2022-04-26,78,27.0,18.0,11.0,5.0,3.0,7.0,
1183,2022-04-27,58,20.0,11.0,8.0,2.0,2.0,6.0,
1184,2022-04-28,93,29.0,26.0,11.0,5.0,5.0,4.0,
1185,2022-04-29,88,32.0,17.0,14.0,3.0,4.0,3.0,
1186,2022-04-30,72,26.0,22.0,6.0,3.0,,2.0,
1187,2022-05-01,81,25.0,13.0,13.0,4.0,3.0,10.0,
1188,2022-05-02,76,28.0,16.0,10.0,4.0,3.0,2.0,
1189,2022-05-03,81,32.0,15.0,7.0,4.0,6.0,7.0,
1190,2022-05-04,90,32.0,14.0,19.0,3.0,5.0,5.0,
1191,2022-05-05,87,32.0,17.0,10.0,5.0,4.0,2.0,
1192,2022-05-06,89,20.0,26.0,13.0,3.0,5.0,4.0,
1193,2022-05-07,87,26.0,14.0,16.0,4.0,7.0,8.0,
1194,2022-05-08,101,31.0,24.0,19.0,5.0,3.0,7.0,
1195,2022-05-09,81,36.0,19.0,10.0,2.0,2.0,3.0,
1196,2022-05-10,83,28.0,19.0,14.0,6.0,1.0,4.0,
1197,2022-05-11,81,26.0,23.0,8.0,5.0,7.0,2.0,
1198,2022-05-12,88,27.0,16.0,12.0,6.0,7.0,3.0,
1199,2022-05-13,93,33.0,20.0,13.0,6.0,2.0,3.0,
1200,2022-05-14,66,26.0,16.0,9.0,4.0,2.0,1.0,
1201,2022-05-15,67,20.0,22.0,7.0,2.0,3.0,,
1202,2022-05-16,77,27.0,19.0,10.0,3.0,4.0,4.0,
1203,2022-05-17,80,30.0,16.0,17.0,3.0,2.0,2.0,
1204,2022-05-18,79,21.0,15.0,16.0,7.0,1.0,6.0,
1205,2022-05-19,74,28.0,11.0,15.0,6.0,1.0,4.0,
1206,2022-05-20,78,25.0,17.0,14.0,1.0,2.0,4.0,
1207,2022-05-21,75,19.0,18.0,13.0,6.0,1.0,6.0,
1208,2022-05-22,76,32.0,12.0,10.0,6.0,2.0,3.0,
1209,2022-05-23,81,19.0,22.0,21.0,,4.0,3.0,
1210,2022-05-24,101,36.0,18.0,13.0,2.0,9.0,3.0,
1211,2022-05-25,87,31.0,10.0,15.0,3.0,5.0,3.0,
1212,2022-05-26,90,28.0,25.0,11.0,2.0,2.0,5.0,
1213,2022-05-27,71,19.0,11.0,16.0,3.0,7.0,2.0,
1214,2022-05-28,67,26.0,16.0,8.0,5.0,4.0,3.0,
1215,2022-05-29,74,33.0,12.0,11.0,4.0,5.0,5.0,
1216,2022-05-30,80,30.0,22.0,5.0,3.0,2.0,5.0,
1217,2022-05-31,83,26.0,18.0,16.0,2.0,3.0,5.0,
1218,2022-06-01,84,17.0,23.0,15.0,6.0,2.0,9.0,
1219,2022-06-02,77,26.0,14.0,14.0,5.0,1.0,6.0,
1220,2022-06-03,77,31.0,15.0,9.0,4.0,5.0,2.0,
1221,2022-06-04,87,31.0,17.0,13.0,3.0,4.0,7.0,
1222,2022-06-05,89,31.0,18.0,12.0,6.0,8.0,5.0,
1223,2022-06-06,90,34.0,18.0,11.0,2.0,2.0,7.0,
1224,2022-06-07,93,32.0,21.0,14.0,3.0,4.0,6.0,
1225,2022-06-08,86,25.0,26.0,11.0,10.0,2.0,4.0,
1226,2022-06-09,93,31.0,16.0,6.0,5.0,4.0,7.0,
1227,2022-06-10,84,35.0,13.0,13.0,5.0,3.0,,
1228,2022-06-11,81,31.0,14.0,17.0,4.0,1.0,2.0,
1229,2022-06-12,89,32.0,19.0,12.0,3.0,4.0,5.0,
1230,2022-06-13,69,11.0,19.0,16.0,4.0,4.0,5.0,
1231,2022-06-14,77,15.0,26.0,7.0,5.0,4.0,5.0,
1232,2022-06-15,85,29.0,18.0,14.0,3.0,3.0,2.0,
1233,2022-06-16,80,26.0,13.0,17.0,6.0,4.0,3.0,
1234,2022-06-17,91,35.0,15.0,13.0,3.0,2.0,6.0,
1235,2022-06-18,86,19.0,25.0,18.0,4.0,6.0,3.0,
1236,2022-06-19,90,34.0,18.0,18.0,1.0,1.0,7.0,
1237,2022-06-20,79,29.0,15.0,7.0,3.0,6.0,7.0,
1238,2022-06-21,86,38.0,15.0,6.0,4.0,4.0,4.0,
1239,2022-06-22,83,31.0,16.0,12.0,1.0,8.0,4.0,
1240,2022-06-23,80,26.0,22.0,11.0,1.0,1.0,3.0,
1241,2022-06-24,82,22.0,24.0,9.0,1.0,7.0,4.0,
1242,2022-06-25,99,34.0,20.0,15.0,4.0,3.0,4.0,
1243,2022-06-26,75,27.0,17.0,8.0,4.0,2.0,5.0,
1244,2022-06-27,89,37.0,27.0,7.0,2.0,3.0,6.0,
1245,2022-06-28,77,23.0,18.0,13.0,3.0,3.0,5.0,
1246,2022-06-29,80,30.0,17.0,9.0,5.0,6.0,6.0,
1247,2022-06-30,89,37.0,12.0,12.0,3.0,2.0,8.0,
1248,2022-07-01,87,34.0,20.0,9.0,5.0,2.0,5.0,
1249,2022-07-02,84,35.0,13.0,13.0,2.0,2.0,4.0,
1250,2022-07-03,96,37.0,24.0,12.0,2.0,6.0,3.0,
1251,2022-07-04,72,24.0,15.0,9.0,5.0,6.0,4.0,
1252,2022-07-05,104,32.0,28.0,14.0,3.0,6.0,7.0,
1253,2022-07-06,79,26.0,14.0,11.0,5.0,3.0,6.0,
1254,2022-07-07,105,36.0,25.0,14.0,5.0,5.0,4.0,
1255,2022-07-08,77,28.0,20.0,8.0,5.0,2.0,6.0,
1256,2022-07-09,81,25.0,16.0,14.0,5.0,6.0,5.0,
1257,2022-07-10,90,30.0,21.0,11.0,3.0,3.0,8.0,
1258,2022-07-11,108,43.0,12.0,17.0,8.0,6.0,5.0,
1259,2022-07-12,93,27.0,20.0,15.0,5.0,4.0,6.0,
1260,2022-07-13,82,28.0,19.0,11.0,2.0,4.0,2.0,
1261,2022-07-14,95,28.0,22.0,21.0,5.0,2.0,4.0,
1262,2022-07-15,88,26.0,19.0,16.0,3.0,,5.0,
1263,2022-07-16,88,30.0,24.0,11.0,6.0,3.0,3.0,
1264,2022-07-17,86,27.0,30.0,10.0,5.0,3.0,2.0,
1265,2022-07-18,82,32.0,20.0,12.0,3.0,2.0,2.0,
1266,2022-07-19,81,30.0,20.0,11.0,3.0,3.0,5.0,
1267,2022-07-20,88,30.0,21.0,16.0,5.0,2.0,6.0,
1268,2022-07-21,111,34.0,27.0,16.0,10.0,7.0,3.0,
1269,2022-07-22,88,25.0,21.0,18.0,2.0,2.0,6.0,
1270,2022-07-23,91,23.0,24.0,15.0,5.0,4.0,7.0,
1271,2022-07-24,88,28.0,20.0,17.0,3.0,1.0,7.0,
1272,2022-07-25,104,39.0,17.0,13.0,6.0,2.0,6.0,
1273,2022-07-26,104,32.0,25.0,13.0,8.0,8.0,5.0,
1274,2022-07-27,100,38.0,25.0,14.0,3.0,3.0,7.0,
1275,2022-07-28,73,27.0,14.0,6.0,7.0,4.0,5.0,
1276,2022-07-29,98,32.0,28.0,8.0,7.0,6.0,7.0,
1277,2022-07-30,92,33.0,19.0,11.0,7.0,5.0,3.0,
1278,2022-07-31,79,25.0,24.0,10.0,6.0,1.0,4.0,
1279,2022-08-01,102,25.0,32.0,13.0,10.0,3.0,5.0,
1280,2022-08-02,76,21.0,21.0,8.0,4.0,6.0,10.0,
1281,2022-08-03,86,27.0,27.0,13.0,3.0,5.0,2.0,
1282,2022-08-04,86,29.0,18.0,10.0,6.0,7.0,3.0,
1283,2022-08-05,84,26.0,12.0,21.0,4.0,2.0,7.0,
1284,2022-08-06,80,32.0,21.0,6.0,3.0,3.0,,
1285,2022-08-07,91,30.0,24.0,13.0,3.0,4.0,4.0,
1286,2022-08-08,103,43.0,22.0,14.0,1.0,4.0,5.0,
1287,2022-08-09,99,31.0,27.0,12.0,8.0,3.0,7.0,
1288,2022-08-10,93,34.0,16.0,14.0,4.0,6.0,3.0,
1289,2022-08-11,90,32.0,16.0,14.0,5.0,6.0,7.0,
1290,2022-08-12,87,30.0,26.0,9.0,3.0,2.0,2.0,
1291,2022-08-13,95,40.0,17.0,9.0,8.0,7.0,4.0,
1292,2022-08-14,79,26.0,14.0,16.0,6.0,1.0,6.0,
1293,2022-08-15,85,26.0,19.0,11.0,6.0,6.0,5.0,
1294,2022-08-16,83,29.0,21.0,10.0,4.0,9.0,3.0,
1295,2022-08-17,77,26.0,24.0,9.0,,3.0,3.0,
1296,2022-08-18,80,32.0,13.0,14.0,5.0,3.0,4.0,
1297,2022-08-19,87,30.0,22.0,7.0,6.0,4.0,3.0,
1298,2022-08-20,110,48.0,27.0,9.0,4.0,3.0,5.0,
1299,2022-08-21,100,25.0,24.0,17.0,7.0,5.0,4.0,
1300,2022-08-22,97,40.0,20.0,9.0,5.0,5.0,8.0,
1301,2022-08-23,93,26.0,30.0,17.0,6.0,3.0,3.0,
1302,2022-08-24,101,36.0,20.0,14.0,3.0,5.0,11.0,
1303,2022-08-25,88,29.0,18.0,16.0,,2.0,4.0,
1304,2022-08-26,69,24.0,15.0,12.0,6.0,1.0,2.0,
1305,2022-08-27,92,28.0,19.0,14.0,3.0,5.0,10.0,
1306,2022-08-28,99,24.0,28.0,22.0,4.0,3.0,2.0,
1307,2022-08-29,92,34.0,23.0,12.0,5.0,3.0,5.0,
1308,2022-08-30,95,28.0,28.0,7.0,2.0,4.0,8.0,
1309,2022-08-31,99,35.0,24.0,15.0,4.0,1.0,4.0,
1310,2022-09-01,87,27.0,25.0,11.0,3.0,5.0,3.0,
1311,2022-09-02,98,29.0,23.0,21.0,10.0,3.0,1.0,
1312,2022-09-03,109,30.0,26.0,14.0,8.0,6.0,6.0,
1313,2022-09-04,93,31.0,23.0,11.0,5.0,1.0,9.0,
1314,2022-09-05,93,30.0,21.0,16.0,6.0,3.0,5.0,
1315,2022-09-06,79,27.0,16.0,8.0,7.0,2.0,3.0,
1316,2022-09-07,102,34.0,23.0,17.0,6.0,2.0,7.0,
1317,2022-09-08,94,42.0,18.0,13.0,7.0,2.0,3.0,
1318,2022-09-09,95,26.0,22.0,19.0,6.0,4.0,6.0,
1319,2022-09-10,86,33.0,20.0,12.0,3.0,2.0,1.0,
1320,2022-09-11,98,36.0,22.0,13.0,4.0,4.0,7.0,
1321,2022-09-12,96,25.0,26.0,18.0,5.0,4.0,3.0,
1322,2022-09-13,95,38.0,17.0,10.0,6.0,2.0,3.0,
1323,2022-09-14,99,32.0,31.0,13.0,3.0,4.0,4.0,
1324,2022-09-15,88,34.0,15.0,11.0,7.0,4.0,5.0,
1325,2022-09-16,83,23.0,23.0,6.0,3.0,10.0,5.0,
1326,2022-09-17,99,35.0,22.0,9.0,2.0,9.0,6.0,
1327,2022-09-18,111,33.0,25.0,19.0,9.0,3.0,6.0,
1328,2022-09-19,94,31.0,17.0,14.0,4.0,5.0,11.0,
1329,2022-09-20,92,29.0,19.0,13.0,6.0,4.0,5.0,
1330,2022-09-21,102,46.0,13.0,14.0,5.0,3.0,7.0,
1331,2022-09-22,99,38.0,21.0,12.0,3.0,5.0,8.0,
1332,2022-09-23,97,31.0,28.0,13.0,7.0,2.0,1.0,
1333,2022-09-24,91,27.0,20.0,9.0,7.0,5.0,7.0,
1334,2022-09-25,102,38.0,22.0,12.0,3.0,3.0,6.0,
1335,2022-09-26,86,31.0,16.0,11.0,5.0,2.0,5.0,
1336,2022-09-27,99,24.0,20.0,18.0,4.0,7.0,6.0,
1337,2022-09-28,99,21.0,28.0,20.0,6.0,7.0,5.0,
1338,2022-09-29,95,33.0,16.0,15.0,3.0,7.0,6.0,
1339,2022-09-30,99,35.0,14.0,13.0,5.0,5.0,4.0,
1340,2022-10-01,110,33.0,30.0,20.0,1.0,10.0,4.0,
1341,2022-10-02,89,21.0,26.0,11.0,,3.0,7.0,
1342,2022-10-03,95,39.0,25.0,8.0,5.0,5.0,4.0,
1343,2022-10-04,92,30.0,20.0,11.0,7.0,2.0,7.0,
1344,2022-10-05,104,35.0,20.0,19.0,5.0,2.0,5.0,
1345,2022-10-06,112,38.0,25.0,17.0,2.0,5.0,6.0,
1346,2022-10-07,83,41.0,14.0,8.0,1.0,5.0,3.0,
1347,2022-10-08,100,36.0,25.0,11.0,4.0,3.0,5.0,
1348,2022-10-09,101,39.0,20.0,12.0,8.0,5.0,2.0,
1349,2022-10-10,101,34.0,21.0,18.0,4.0,7.0,5.0,
1350,2022-10-11,93,31.0,17.0,12.0,3.0,4.0,9.0,
1351,2022-10-12,98,36.0,20.0,10.0,7.0,7.0,3.0,
1352,2022-10-13,124,37.0,24.0,12.0,5.0,9.0,12.0,
1353,2022-10-14,104,37.0,26.0,16.0,5.0,6.0,1.0,
1354,2022-10-15,103,36.0,29.0,11.0,5.0,5.0,5.0,
1355,2022-10-16,102,29.0,24.0,14.0,5.0,5.0,10.0,
1356,2022-10-17,101,29.0,24.0,7.0,9.0,7.0,9.0,
1357,2022-10-18,112,29.0,32.0,23.0,6.0,3.0,9.0,
1358,2022-10-19,125,31.0,28.0,20.0,6.0,4.0,13.0,
1359,2022-10-20,105,37.0,28.0,12.0,3.0,2.0,4.0,
1360,2022-10-21,101,39.0,18.0,18.0,2.0,4.0,3.0,
1361,2022-10-22,113,42.0,29.0,12.0,3.0,6.0,7.0,
1362,2022-10-23,92,32.0,22.0,10.0,2.0,4.0,7.0,
1363,2022-10-24,104,30.0,32.0,14.0,3.0,7.0,5.0,
1364,2022-10-25,101,35.0,27.0,11.0,7.0,2.0,7.0,
1365,2022-10-26,90,33.0,17.0,15.0,3.0,2.0,4.0,
1366,2022-10-27,113,33.0,27.0,20.0,5.0,7.0,3.0,
1367,2022-10-28,93,32.0,23.0,15.0,4.0,5.0,3.0,
1368,2022-10-29,94,40.0,17.0,12.0,3.0,4.0,4.0,
1369,2022-10-30,102,38.0,28.0,10.0,3.0,6.0,3.0,
1370,2022-10-31,116,39.0,30.0,17.0,9.0,4.0,5.0,
1371,2022-11-01,118,33.0,35.0,13.0,5.0,3.0,8.0,
1372,2022-11-02,103,32.0,17.0,19.0,3.0,6.0,2.0,
1373,2022-11-03,107,39.0,20.0,15.0,8.0,4.0,6.0,
1374,2022-11-04,117,41.0,32.0,14.0,4.0,4.0,5.0,
1375,2022-11-05,88,33.0,22.0,13.0,3.0,2.0,4.0,
1376,2022-11-06,99,20.0,20.0,20.0,4.0,9.0,3.0,
1377,2022-11-07,94,28.0,24.0,16.0,2.0,5.0,6.0,
1378,2022-11-08,119,32.0,31.0,17.0,4.0,8.0,13.0,
1379,2022-11-09,103,23.0,36.0,11.0,5.0,4.0,5.0,
1380,2022-11-10,110,40.0,28.0,12.0,3.0,2.0,6.0,
1381,2022-11-11,102,36.0,18.0,15.0,5.0,4.0,6.0,
1382,2022-11-12,94,33.0,16.0,12.0,8.0,4.0,2.0,
1383,2022-11-13,125,44.0,28.0,19.0,7.0,6.0,12.0,
1384,2022-11-14,105,41.0,21.0,17.0,3.0,3.0,10.0,
1385,2022-11-15,107,34.0,28.0,21.0,5.0,3.0,5.0,
1386,2022-11-16,92,31.0,25.0,10.0,2.0,6.0,3.0,
1387,2022-11-17,104,34.0,25.0,17.0,3.0,4.0,5.0,
1388,2022-11-18,100,33.0,25.0,19.0,6.0,3.0,2.0,
1389,2022-11-19,110,34.0,30.0,19.0,5.0,3.0,1.0,
1390,2022-11-20,121,33.0,34.0,20.0,5.0,7.0,4.0,
1391,2022-11-21,102,38.0,20.0,24.0,1.0,4.0,4.0,
1392,2022-11-22,109,35.0,21.0,17.0,8.0,5.0,11.0,
1393,2022-11-23,103,33.0,34.0,19.0,3.0,1.0,3.0,
1394,2022-11-24,108,31.0,23.0,12.0,7.0,2.0,12.0,
1395,2022-11-25,110,37.0,19.0,19.0,4.0,9.0,8.0,
1396,2022-11-26,106,37.0,20.0,22.0,3.0,5.0,4.0,
1397,2022-11-27,119,41.0,30.0,8.0,6.0,11.0,7.0,
1398,2022-11-28,114,36.0,24.0,8.0,9.0,6.0,9.0,
1399,2022-11-29,94,34.0,18.0,15.0,8.0,1.0,5.0,
1400,2022-11-30,111,38.0,20.0,10.0,8.0,9.0,3.0,
1401,2022-12-01,102,31.0,19.0,19.0,4.0,4.0,8.0,
1402,2022-12-02,108,43.0,28.0,11.0,6.0,,4.0,
1403,2022-12-03,100,30.0,22.0,14.0,5.0,4.0,8.0,
1404,2022-12-04,97,33.0,22.0,11.0,6.0,7.0,5.0,
1405,2022-12-05,122,34.0,30.0,17.0,7.0,1.0,9.0,
1406,2022-12-06,118,42.0,22.0,18.0,5.0,5.0,7.0,
1407,2022-12-07,116,31.0,33.0,21.0,9.0,2.0,2.0,
1408,2022-12-08,119,41.0,29.0,17.0,6.0,1.0,6.0,
1409,2022-12-09,122,45.0,27.0,10.0,6.0,5.0,6.0,
1410,2022-12-10,112,36.0,25.0,15.0,9.0,6.0,7.0,
1411,2022-12-11,120,51.0,18.0,19.0,7.0,6.0,5.0,
1412,2022-12-12,114,45.0,26.0,10.0,5.0,5.0,6.0,
1413,2022-12-13,114,37.0,27.0,12.0,6.0,6.0,3.0,
1414,2022-12-14,110,35.0,20.0,21.0,3.0,4.0,9.0,
1415,2022-12-15,123,41.0,26.0,15.0,10.0,8.0,5.0,
1416,2022-12-16,99,35.0,17.0,12.0,7.0,4.0,6.0,
1417,2022-12-17,138,49.0,26.0,18.0,6.0,7.0,11.0,
1418,2022-12-18,116,38.0,33.0,16.0,5.0,5.0,4.0,
1419,2022-12-19,112,28.0,22.0,20.0,3.0,9.0,4.0,
1420,2022-12-20,134,44.0,29.0,22.0,6.0,10.0,8.0,
1421,2022-12-21,108,42.0,21.0,12.0,3.0,5.0,7.0,
1422,2022-12-22,106,32.0,28.0,9.0,9.0,3.0,4.0,
1423,2022-12-23,125,42.0,27.0,14.0,7.0,6.0,6.0,
1424,2022-12-24,120,49.0,23.0,19.0,4.0,1.0,9.0,
1425,2022-12-25,108,43.0,23.0,11.0,4.0,3.0,5.0,
1426,2022-12-26,109,34.0,28.0,19.0,3.0,5.0,4.0,
1427,2022-12-27,95,36.0,22.0,14.0,4.0,2.0,5.0,
1428,2022-12-28,135,48.0,35.0,17.0,7.0,7.0,4.0,
1429,2022-12-29,109,35.0,28.0,19.0,5.0,3.0,6.0,
1430,2022-12-30,109,45.0,31.0,9.0,3.0,2.0,3.0,
1431,2022-12-31,116,41.0,19.0,18.0,5.0,11.0,7.0,
1432,2023-01-01,117,45.0,24.0,12.0,8.0,5.0,11.0,
1433,2023-01-02,108,32.0,30.0,18.0,4.0,,7.0,
1434,2023-01-03,106,34.0,22.0,21.0,6.0,4.0,7.0,
1435,2023-01-04,144,48.0,40.0,21.0,5.0,4.0,6.0,
1436,2023-01-05,132,36.0,29.0,19.0,4.0,13.0,6.0,
1437,2023-01-06,131,54.0,17.0,16.0,10.0,7.0,11.0,
1438,2023-01-07,113,34.0,24.0,18.0,4.0,4.0,7.0,
1439,2023-01-08,101,33.0,26.0,10.0,7.0,7.0,4.0,
1440,2023-01-09,131,44.0,31.0,18.0,9.0,4.0,10.0,
1441,2023-01-10,112,37.0,20.0,28.0,8.0,3.0,5.0,
1442,2023-01-11,132,53.0,26.0,26.0,3.0,5.0,3.0,
1443,2023-01-12,128,46.0,30.0,18.0,6.0,4.0,5.0,
1444,2023-01-13,122,43.0,31.0,19.0,2.0,2.0,3.0,
1445,2023-01-14,108,32.0,25.0,19.0,4.0,8.0,6.0,
1446,2023-01-15,120,40.0,23.0,14.0,10.0,5.0,7.0,
1447,2023-01-16,124,39.0,30.0,13.0,6.0,4.0,7.0,
1448,2023-01-17,138,43.0,33.0,24.0,7.0,2.0,4.0,
1449,2023-01-18,108,37.0,21.0,16.0,9.0,7.0,3.0,
1450,2023-01-19,127,47.0,29.0,16.0,4.0,5.0,5.0,
1451,2023-01-20,129,47.0,34.0,15.0,5.0,2.0,4.0,
1452,2023-01-21,111,40.0,24.0,15.0,6.0,6.0,5.0,
1453,2023-01-22,128,43.0,26.0,16.0,6.0,8.0,5.0,
1454,2023-01-23,138,46.0,29.0,22.0,10.0,5.0,7.0,
1455,2023-01-24,124,41.0,37.0,14.0,9.0,4.0,4.0,
1456,2023-01-25,111,37.0,36.0,13.0,8.0,4.0,2.0,
1457,2023-01-26,107,49.0,17.0,12.0,6.0,5.0,7.0,
1458,2023-01-27,122,48.0,28.0,16.0,5.0,2.0,7.0,
1459,2023-01-28,121,41.0,34.0,16.0,4.0,7.0,3.0,
1460,2023-01-29,144,43.0,38.0,19.0,8.0,7.0,7.0,
1461,2023-01-30,124,41.0,28.0,13.0,7.0,8.0,11.0,
1462,2023-01-31,119,38.0,24.0,19.0,11.0,5.0,4.0,
1463,2023-02-01,118,32.0,31.0,19.0,8.0,3.0,3.0,
1464,2023-02-02,128,41.0,27.0,13.0,8.0,5.0,7.0,
1465,2023-02-03,126,38.0,30.0,17.0,10.0,5.0,5.0,
1466,2023-02-04,129,45.0,31.0,21.0,2.0,3.0,11.0,
1467,2023-02-05,112,32.0,26.0,13.0,5.0,11.0,7.0,
1468,2023-02-06,123,45.0,27.0,23.0,3.0,5.0,6.0,
1469,2023-02-07,113,34.0,34.0,14.0,5.0,8.0,7.0,
1470,2023-02-08,123,50.0,27.0,13.0,5.0,9.0,7.0,
1471,2023-02-09,140,45.0,27.0,23.0,7.0,5.0,7.0,
1472,2023-02-10,124,44.0,29.0,20.0,4.0,1.0,6.0,
1473,2023-02-11,134,39.0,39.0,19.0,6.0,6.0,6.0,
1474,2023-02-12,115,39.0,21.0,15.0,6.0,4.0,6.0,
1475,2023-02-13,130,45.0,30.0,18.0,7.0,2.0,6.0,
1476,2023-02-14,109,43.0,18.0,13.0,9.0,1.0,5.0,
1477,2023-02-15,115,48.0,20.0,19.0,4.0,4.0,8.0,
1478,2023-02-16,112,44.0,31.0,12.0,4.0,5.0,4.0,
1479,2023-02-17,132,56.0,32.0,15.0,4.0,6.0,4.0,
1480,2023-02-18,147,52.0,35.0,26.0,,8.0,7.0,
1481,2023-02-19,137,49.0,32.0,17.0,6.0,5.0,10.0,
1482,2023-02-20,125,47.0,29.0,15.0,4.0,3.0,10.0,
1483,2023-02-21,124,38.0,34.0,11.0,6.0,6.0,8.0,
1484,2023-02-22,147,49.0,26.0,21.0,10.0,5.0,6.0,
1485,2023-02-23,114,37.0,19.0,16.0,12.0,2.0,3.0,
1486,2023-02-24,118,41.0,32.0,13.0,4.0,5.0,6.0,
1487,2023-02-25,109,36.0,16.0,25.0,8.0,5.0,8.0,
1488,2023-02-26,142,46.0,27.0,27.0,7.0,5.0,10.0,
1489,2023-02-27,150,50.0,28.0,25.0,8.0,8.0,9.0,
1490,2023-02-28,124,44.0,25.0,12.0,9.0,5.0,10.0,
1491,2023-03-01,129,41.0,17.0,27.0,6.0,4.0,11.0,
1492,2023-03-02,115,31.0,27.0,20.0,9.0,8.0,3.0,
1493,2023-03-03,114,44.0,23.0,14.0,3.0,4.0,9.0,
1494,2023-03-04,143,51.0,30.0,25.0,9.0,4.0,6.0,
1495,2023-03-05,131,41.0,35.0,19.0,2.0,6.0,10.0,
1496,2023-03-06,146,46.0,39.0,18.0,6.0,8.0,4.0,
1497,2023-03-07,144,55.0,30.0,17.0,3.0,7.0,11.0,
1498,2023-03-08,141,48.0,29.0,23.0,6.0,11.0,9.0,
1499,2023-03-09,151,43.0,32.0,27.0,9.0,5.0,9.0,
1500,2023-03-10,132,47.0,34.0,15.0,3.0,5.0,8.0,
1501,2023-03-11,118,33.0,28.0,18.0,3.0,4.0,11.0,
1502,2023-03-12,162,57.0,36.0,15.0,11.0,7.0,11.0,
1503,2023-03-13,130,44.0,26.0,26.0,3.0,5.0,7.0,
1504,2023-03-14,144,37.0,35.0,25.0,10.0,7.0,9.0,
1505,2023-03-15,166,66.0,37.0,17.0,4.0,5.0,13.0,
1506,2023-03-16,120,49.0,21.0,15.0,6.0,4.0,7.0,
1507,2023-03-17,143,55.0,40.0,13.0,6.0,5.0,5.0,
1508,2023-03-18,130,36.0,27.0,19.0,7.0,11.0,10.0,
1509,2023-03-19,129,44.0,31.0,26.0,5.0,2.0,7.0,
1510,2023-03-20,133,53.0,22.0,22.0,6.0,6.0,8.0,
1511,2023-03-21,147,50.0,32.0,20.0,9.0,8.0,10.0,
1512,2023-03-22,143,54.0,34.0,20.0,3.0,4.0,9.0,
1513,2023-03-23,121,39.0,22.0,14.0,4.0,6.0,13.0,
1514,2023-03-24,132,54.0,26.0,15.0,7.0,5.0,6.0,
1515,2023-03-25,134,41.0,27.0,28.0,6.0,8.0,7.0,
1516,2023-03-26,136,49.0,32.0,14.0,9.0,8.0,7.0,
1517,2023-03-27,127,44.0,31.0,16.0,4.0,10.0,10.0,
1518,2023-03-28,146,51.0,36.0,18.0,5.0,6.0,14.0,
1519,2023-03-29,129,32.0,27.0,25.0,6.0,14.0,7.0,
1520,2023-03-30,153,56.0,32.0,11.0,12.0,5.0,11.0,
1521,2023-03-31,131,44.0,37.0,17.0,8.0,5.0,5.0,
1522,2023-04-01,148,55.0,28.0,27.0,2.0,4.0,8.0,
1523,2023-04-02,133,57.0,27.0,17.0,4.0,8.0,,
1524,2023-04-03,127,47.0,20.0,23.0,4.0,10.0,7.0,
1525,2023-04-04,126,38.0,28.0,20.0,5.0,6.0,6.0,
1526,2023-04-05,132,43.0,24.0,24.0,7.0,3.0,9.0,
1527,2023-04-06,137,49.0,29.0,21.0,7.0,6.0,8.0,
1528,2023-04-07,143,44.0,36.0,25.0,3.0,10.0,3.0,
1529,2023-04-08,138,46.0,31.0,22.0,4.0,10.0,4.0,
1530,2023-04-09,145,59.0,23.0,19.0,8.0,6.0,13.0,
1531,2023-04-10,127,46.0,33.0,17.0,9.0,2.0,5.0,
1532,2023-04-11,160,51.0,31.0,18.0,9.0,7.0,11.0,
1533,2023-04-12,148,53.0,27.0,24.0,3.0,7.0,9.0,
1534,2023-04-13,144,44.0,32.0,22.0,10.0,13.0,6.0,
1535,2023-04-14,159,59.0,29.0,26.0,8.0,7.0,6.0,
1536,2023-04-15,141,43.0,28.0,20.0,6.0,10.0,8.0,
1537,2023-04-16,146,43.0,38.0,23.0,6.0,1.0,15.0,
1538,2023-04-17,138,55.0,30.0,13.0,4.0,7.0,6.0,
1539,2023-04-18,144,42.0,40.0,26.0,3.0,8.0,6.0,
1540,2023-04-19,148,55.0,16.0,25.0,13.0,10.0,6.0,
1541,2023-04-20,139,38.0,30.0,23.0,7.0,6.0,12.0,
1542,2023-04-21,134,34.0,26.0,21.0,11.0,5.0,8.0,
1543,2023-04-22,143,52.0,34.0,20.0,4.0,8.0,7.0,
1544,2023-04-23,128,38.0,26.0,24.0,4.0,3.0,8.0,
1545,2023-04-24,134,50.0,21.0,23.0,5.0,9.0,5.0,
1546,2023-04-25,130,36.0,30.0,18.0,7.0,9.0,9.0,
1547,2023-04-26,146,60.0,28.0,19.0,6.0,9.0,9.0,
1548,2023-04-27,168,70.0,31.0,23.0,7.0,3.0,12.0,
1549,2023-04-28,141,49.0,35.0,17.0,9.0,1.0,8.0,
1550,2023-04-29,130,46.0,31.0,15.0,3.0,2.0,10.0,
1551,2023-04-30,158,43.0,38.0,25.0,10.0,4.0,11.0,
1552,2023-05-01,147,43.0,32.0,27.0,11.0,3.0,7.0,
1553,2023-05-02,146,51.0,35.0,22.0,6.0,6.0,9.0,
1554,2023-05-03,176,60.0,37.0,26.0,7.0,11.0,8.0,
1555,2023-05-04,153,53.0,45.0,15.0,6.0,5.0,6.0,
1556,2023-05-05,151,47.0,42.0,18.0,6.0,6.0,11.0,
1557,2023-05-06,168,59.0,44.0,17.0,9.0,10.0,6.0,
1558,2023-05-07,158,57.0,30.0,21.0,6.0,6.0,11.0,
1559,2023-05-08,132,52.0,30.0,15.0,6.0,6.0,4.0,
1560,2023-05-09,162,51.0,37.0,19.0,10.0,6.0,14.0,
1561,2023-05-10,138,49.0,32.0,16.0,4.0,8.0,9.0,
1562,2023-05-11,150,46.0,35.0,24.0,11.0,6.0,6.0,
1563,2023-05-12,148,53.0,36.0,19.0,8.0,8.0,4.0,
1564,2023-05-13,163,49.0,38.0,25.0,9.0,10.0,9.0,
1565,2023-05-14,161,61.0,31.0,21.0,7.0,4.0,9.0,
1566,2023-05-15,168,63.0,33.0,24.0,5.0,6.0,10.0,
1567,2023-05-16,167,51.0,41.0,19.0,5.0,9.0,8.0,
1568,2023-05-17,152,55.0,36.0,21.0,7.0,10.0,4.0,
1569,2023-05-18,134,42.0,29.0,19.0,11.0,6.0,7.0,
1570,2023-05-19,166,54.0,41.0,21.0,12.0,5.0,11.0,
1571,2023-05-20,153,58.0,39.0,21.0,6.0,3.0,5.0,
1572,2023-05-21,156,56.0,27.0,18.0,15.0,7.0,5.0,
1573,2023-05-22,147,44.0,29.0,27.0,8.0,7.0,11.0,
1574,2023-05-23,150,51.0,32.0,16.0,5.0,7.0,10.0,
1575,2023-05-24,126,51.0,34.0,13.0,6.0,7.0,4.0,
1576,2023-05-25,166,63.0,38.0,19.0,7.0,5.0,7.0,
1577,2023-05-26,146,45.0,31.0,23.0,8.0,9.0,6.0,
1578,2023-05-27,171,48.0,43.0,28.0,9.0,7.0,12.0,
1579,2023-05-28,173,62.0,39.0,24.0,10.0,9.0,8.0,
1580,2023-05-29,139,55.0,28.0,19.0,1.0,9.0,7.0,
1581,2023-05-30,145,50.0,30.0,21.0,10.0,5.0,6.0,
1582,2023-05-31,156,57.0,29.0,28.0,3.0,7.0,8.0,
1583,2023-06-01,139,55.0,25.0,15.0,7.0,9.0,5.0,
1584,2023-06-02,136,46.0,36.0,17.0,7.0,7.0,6.0,
1585,2023-06-03,170,55.0,47.0,21.0,9.0,6.0,7.0,
1586,2023-06-04,159,51.0,33.0,24.0,11.0,5.0,10.0,
1587,2023-06-05,152,55.0,40.0,20.0,6.0,3.0,10.0,
1588,2023-06-06,149,41.0,43.0,19.0,6.0,8.0,5.0,
1589,2023-06-07,132,43.0,33.0,21.0,6.0,4.0,3.0,
1590,2023-06-08,175,58.0,41.0,22.0,12.0,7.0,13.0,
1591,2023-06-09,175,60.0,37.0,25.0,8.0,5.0,11.0,
1592,2023-06-10,160,52.0,45.0,26.0,3.0,9.0,8.0,
1593,2023-06-11,159,47.0,45.0,24.0,8.0,4.0,7.0,
1594,2023-06-12,152,40.0,36.0,33.0,7.0,9.0,3.0,
1595,2023-06-13,163,52.0,33.0,33.0,8.0,3.0,11.0,
1596,2023-06-14,167,50.0,38.0,21.0,8.0,7.0,11.0,
1597,2023-06-15,183,73.0,37.0,26.0,8.0,10.0,10.0,
1598,2023-06-16,150,46.0,41.0,18.0,9.0,9.0,9.0,
1599,2023-06-17,169,57.0,45.0,23.0,8.0,10.0,10.0,
1600,2023-06-18,164,62.0,34.0,24.0,8.0,8.0,7.0,
1601,2023-06-19,161,56.0,45.0,19.0,7.0,6.0,7.0,
1602,2023-06-20,175,58.0,35.0,28.0,7.0,14.0,8.0,
1603,2023-06-21,185,57.0,51.0,35.0,8.0,7.0,3.0,
1604,2023-06-22,172,52.0,53.0,25.0,8.0,4.0,12.0,
1605,2023-06-23,173,60.0,39.0,30.0,11.0,5.0,5.0,
1606,2023-06-24,185,61.0,44.0,31.0,7.0,6.0,9.0,
1607,2023-06-25,159,53.0,32.0,26.0,5.0,8.0,11.0,
1608,2023-06-26,143,47.0,32.0,24.0,6.0,7.0,8.0,
1609,2023-06-27,174,76.0,31.0,22.0,11.0,5.0,6.0,
1610,2023-06-28,171,64.0,36.0,22.0,5.0,6.0,8.0,
1611,2023-06-29,180,60.0,31.0,27.0,12.0,7.0,9.0,
1612,2023-06-30,182,55.0,32.0,29.0,13.0,11.0,9.0,
1613,2023-07-01,160,57.0,32.0,22.0,5.0,6.0,10.0,
1614,2023-07-02,179,60.0,47.0,24.0,10.0,4.0,12.0,
1615,2023-07-03,198,66.0,42.0,30.0,12.0,6.0,7.0,
1616,2023-07-04,177,60.0,41.0,34.0,5.0,8.0,7.0,
1617,2023-07-05,185,61.0,36.0,23.0,14.0,9.0,10.0,
1618,2023-07-06,177,60.0,36.0,33.0,3.0,6.0,13.0,
1619,2023-07-07,189,55.0,44.0,34.0,10.0,8.0,9.0,
1620,2023-07-08,184,61.0,49.0,24.0,8.0,10.0,6.0,
1621,2023-07-09,153,43.0,30.0,29.0,7.0,7.0,10.0,
1622,2023-07-10,194,68.0,41.0,27.0,10.0,6.0,17.0,
1623,2023-07-11,181,65.0,43.0,23.0,8.0,8.0,8.0,
1624,2023-07-12,156,62.0,40.0,20.0,7.0,5.0,7.0,
1625,2023-07-13,181,47.0,52.0,29.0,7.0,8.0,8.0,
1626,2023-07-14,177,67.0,38.0,24.0,11.0,9.0,9.0,
1627,2023-07-15,193,64.0,42.0,21.0,10.0,11.0,14.0,
1628,2023-07-16,199,65.0,53.0,29.0,6.0,9.0,5.0,
1629,2023-07-17,207,75.0,48.0,21.0,17.0,8.0,8.0,
1630,2023-07-18,176,63.0,46.0,21.0,6.0,9.0,8.0,
1631,2023-07-19,192,61.0,43.0,33.0,9.0,6.0,9.0,
1632,2023-07-20,174,57.0,41.0,22.0,10.0,6.0,9.0,
1633,2023-07-21,186,64.0,44.0,21.0,10.0,5.0,12.0,
1634,2023-07-22,183,66.0,42.0,29.0,12.0,3.0,8.0,
1635,2023-07-23,164,49.0,36.0,16.0,9.0,11.0,12.0,
1636,2023-07-24,186,57.0,43.0,23.0,14.0,7.0,10.0,
1637,2023-07-25,197,58.0,48.0,34.0,7.0,10.0,14.0,
1638,2023-07-26,188,60.0,46.0,30.0,9.0,10.0,10.0,
1639,2023-07-27,175,61.0,33.0,21.0,11.0,7.0,12.0,
1640,2023-07-28,186,63.0,33.0,26.0,7.0,7.0,11.0,
1641,2023-07-29,198,57.0,46.0,28.0,13.0,11.0,7.0,
1642,2023-07-30,171,53.0,47.0,25.0,6.0,12.0,8.0,
1643,2023-07-31,195,68.0,48.0,36.0,10.0,3.0,6.0,
1644,2023-08-01,191,68.0,43.0,31.0,5.0,14.0,6.0,
1645,2023-08-02,174,48.0,46.0,23.0,4.0,11.0,9.0,
1646,2023-08-03,194,69.0,53.0,25.0,11.0,4.0,10.0,
1647,2023-08-04,189,55.0,50.0,18.0,10.0,9.0,12.0,
1648,2023-08-05,158,52.0,33.0,26.0,10.0,10.0,6.0,
1649,2023-08-06,177,60.0,43.0,28.0,9.0,9.0,10.0,
1650,2023-08-07,202,67.0,47.0,34.0,11.0,14.0,5.0,
1651,2023-08-08,189,70.0,24.0,35.0,9.0,17.0,4.0,
1652,2023-08-09,189,58.0,46.0,24.0,11.0,4.0,15.0,
1653,2023-08-10,201,74.0,46.0,28.0,7.0,6.0,15.0,
1654,2023-08-11,189,64.0,48.0,27.0,6.0,7.0,7.0,
1655,2023-08-12,192,60.0,36.0,27.0,9.0,10.0,19.0,
1656,2023-08-13,235,88.0,50.0,26.0,12.0,10.0,11.0,
1657,2023-08-14,204,71.0,43.0,28.0,9.0,11.0,14.0,
1658,2023-08-15,192,72.0,46.0,25.0,9.0,8.0,11.0,
1659,2023-08-16,195,63.0,42.0,23.0,7.0,6.0,18.0,
1660,2023-08-17,206,62.0,53.0,32.0,9.0,6.0,8.0,
1661,2023-08-18,194,73.0,36.0,29.0,11.0,5.0,7.0,
1662,2023-08-19,174,54.0,36.0,36.0,10.0,9.0,3.0,
1663,2023-08-20,197,71.0,42.0,27.0,10.0,10.0,10.0,
1664,2023-08-21,212,69.0,44.0,30.0,10.0,8.0,12.0,
1665,2023-08-22,205,70.0,45.0,33.0,14.0,6.0,13.0,
1666,2023-08-23,209,66.0,42.0,38.0,7.0,8.0,14.0,
1667,2023-08-24,189,57.0,45.0,26.0,7.0,8.0,10.0,
1668,2023-08-25,209,60.0,54.0,32.0,10.0,8.0,9.0,
1669,2023-08-26,218,68.0,56.0,22.0,12.0,15.0,18.0,
1670,2023-08-27,218,73.0,44.0,30.0,14.0,7.0,16.0,
1671,2023-08-28,215,69.0,41.0,31.0,10.0,9.0,20.0,
1672,2023-08-29,202,88.0,35.0,22.0,11.0,6.0,12.0,
1673,2023-08-30,220,61.0,53.0,40.0,9.0,12.0,18.0,
1674,2023-08-31,215,70.0,50.0,27.0,15.0,8.0,12.0,
1675,2023-09-01,210,76.0,44.0,29.0,12.0,10.0,12.0,
1676,2023-09-02,215,67.0,53.0,23.0,5.0,7.0,12.0,
1677,2023-09-03,235,77.0,50.0,42.0,15.0,10.0,11.0,
1678,2023-09-04,205,74.0,57.0,23.0,5.0,6.0,8.0,
1679,2023-09-05,225,59.0,57.0,40.0,8.0,10.0,18.0,
1680,2023-09-06,216,70.0,48.0,29.0,14.0,10.0,11.0,
1681,2023-09-07,221,83.0,49.0,35.0,11.0,5.0,15.0,
1682,2023-09-08,215,81.0,35.0,34.0,5.0,7.0,18.0,
1683,2023-09-09,224,61.0,61.0,34.0,16.0,8.0,16.0,
1684,2023-09-10,217,73.0,33.0,35.0,15.0,15.0,10.0,
1685,2023-09-11,238,65.0,69.0,34.0,8.0,10.0,16.0,
1686,2023-09-12,203,50.0,53.0,38.0,12.0,2.0,10.0,
1687,2023-09-13,262,77.0,65.0,38.0,15.0,8.0,16.0,
1688,2023-09-14,228,65.0,54.0,34.0,14.0,9.0,17.0,
1689,2023-09-15,215,70.0,55.0,26.0,10.0,15.0,11.0,
1690,2023-09-16,222,77.0,49.0,38.0,11.0,11.0,11.0,
1691,2023-09-17,233,80.0,54.0,29.0,14.0,10.0,13.0,
1692,2023-09-18,237,80.0,48.0,35.0,9.0,15.0,11.0,
1693,2023-09-19,226,71.0,49.0,33.0,8.0,8.0,17.0,
1694,2023-09-20,218,73.0,53.0,36.0,11.0,10.0,11.0,
1695,2023-09-21,245,85.0,52.0,26.0,13.0,7.0,20.0,
1696,2023-09-22,242,86.0,58.0,30.0,12.0,10.0,15.0,
1697,2023-09-23,202,63.0,43.0,31.0,11.0,11.0,14.0,
1698,2023-09-24,250,92.0,56.0,43.0,8.0,7.0,9.0,
1699,2023-09-25,234,82.0,60.0,35.0,10.0,9.0,12.0,
1700,2023-09-26,219,57.0,58.0,40.0,8.0,10.0,9.0,
1701,2023-09-27,236,85.0,64.0,24.0,12.0,9.0,6.0,
1702,2023-09-28,239,91.0,51.0,33.0,9.0,6.0,17.0,
1703,2023-09-29,238,82.0,58.0,33.0,12.0,15.0,11.0,
1704,2023-09-30,248,75.0,61.0,41.0,5.0,13.0,11.0,
1705,2023-10-01,255,89.0,45.0,46.0,14.0,7.0,12.0,
1706,2023-10-02,246,95.0,52.0,34.0,10.0,11.0,10.0,
1707,2023-10-03,229,65.0,53.0,35.0,8.0,14.0,12.0,
1708,2023-10-04,251,91.0,56.0,28.0,19.0,5.0,15.0,
1709,2023-10-05,268,98.0,57.0,37.0,17.0,14.0,8.0,
1710,2023-10-06,240,72.0,67.0,38.0,10.0,10.0,9.0,
1711,2023-10-07,279,93.0,65.0,43.0,14.0,15.0,18.0,
1712,2023-10-08,262,93.0,57.0,35.0,14.0,14.0,11.0,
1713,2023-10-09,250,82.0,57.0,43.0,14.0,9.0,15.0,
1714,2023-10-10,234,62.0,67.0,48.0,11.0,7.0,11.0,
1715,2023-10-11,268,90.0,57.0,34.0,17.0,19.0,20.0,
1716,2023-10-12,264,79.0,63.0,44.0,12.0,15.0,16.0,
1717,2023-10-13,274,83.0,59.0,45.0,15.0,14.0,12.0,
1718,2023-10-14,225,74.0,50.0,37.0,13.0,3.0,8.0,
1719,2023-10-15,304,96.0,67.0,48.0,15.0,15.0,14.0,
1720,2023-10-16,274,79.0,53.0,47.0,17.0,9.0,24.0,
1721,2023-10-17,271,95.0,57.0,39.0,16.0,3.0,13.0,
1722,2023-10-18,269,87.0,71.0,33.0,10.0,15.0,16.0,
1723,2023-10-19,285,105.0,58.0,48.0,14.0,11.0,14.0,
1724,2023-10-20,269,98.0,73.0,43.0,11.0,7.0,6.0,
1725,2023-10-21,290,97.0,67.0,40.0,18.0,11.0,19.0,
1726,2023-10-22,281,89.0,69.0,40.0,15.0,12.0,14.0,
1727,2023-10-23,261,84.0,58.0,39.0,15.0,12.0,22.0,
1728,2023-10-24,269,97.0,63.0,37.0,8.0,9.0,17.0,
1729,2023-10-25,300,86.0,59.0,51.0,19.0,12.0,24.0,
1730,2023-10-26,289,97.0,67.0,44.0,21.0,5.0,14.0,
1731,2023-10-27,290,97.0,60.0,44.0,13.0,13.0,11.0,
1732,2023-10-28,306,118.0,62.0,35.0,15.0,12.0,12.0,
1733,2023-10-29,294,99.0,77.0,42.0,6.0,12.0,13.0,
1734,2023-10-30,292,99.0,66.0,38.0,19.0,12.0,17.0,
1735,2023-10-31,287,78.0,76.0,43.0,15.0,12.0,22.0,
1736,2023-11-01,308,110.0,74.0,36.0,20.0,13.0,18.0,
1737,2023-11-02,318,95.0,57.0,65.0,18.0,16.0,25.0,
1738,2023-11-03,350,115.0,84.0,56.0,15.0,11.0,19.0,
1739,2023-11-04,325,104.0,78.0,56.0,15.0,17.0,14.0,
1740,2023-11-05,347,114.0,73.0,63.0,8.0,19.0,19.0,
1741,2023-11-06,319,98.0,69.0,45.0,15.0,15.0,23.0,
1742,2023-11-07,338,125.0,72.0,48.0,15.0,17.0,21.0,
1743,2023-11-08,343,120.0,71.0,51.0,17.0,17.0,20.0,
1744,2023-11-09,374,142.0,67.0,63.0,18.0,20.0,13.0,
1745,2023-11-10,365,117.0,76.0,61.0,19.0,16.0,27.0,
1746,2023-11-11,339,113.0,86.0,35.0,23.0,17.0,20.0,
1747,2023-11-12,371,137.0,74.0,53.0,15.0,15.0,23.0,
1748,2023-11-13,399,139.0,81.0,63.0,23.0,12.0,24.0,
1749,2023-11-14,399,138.0,80.0,60.0,18.0,22.0,21.0,
1750,2023-11-15,393,142.0,75.0,68.0,15.0,16.0,32.0,
1751,2023-11-16,551,188.0,129.0,81.0,21.0,27.0,30.0,
1752,2023-11-17,746,255.0,177.0,115.0,29.0,37.0,36.0,
1753,2023-11-18,995,322.0,222.0,155.0,64.0,35.0,58.0,
1754,2023-11-19,1661,565.0,392.0,264.0,64.0,75.0,59.0,
1755,2023-11-20,574,188.0,122.0,99.0,22.0,25.0,30.0,
1756,2023-11-21,596,196.0,160.0,74.0,24.0,17.0,30.0,
