id,order_date_month,num_order_elders,num_order_fifties,num_order_forties,num_order_thirties,num_order_twenties,num_order_teens
0,2019-01-15,1.0,,,1.0,,
1,2019-01-16,1.0,,,,,
2,2019-01-18,1.0,,,,,
3,2019-01-27,1.0,,,,,
4,2019-01-29,1.0,,,,,
5,2019-02-06,1.0,,,,,1.0
6,2019-02-09,1.0,,,,,
7,2019-02-10,1.0,1.0,,,,2.0
8,2019-02-12,2.0,,1.0,,,
9,2019-02-13,2.0,,,,1.0,
10,2019-02-14,1.0,,,,2.0,
11,2019-02-17,1.0,,1.0,,,1.0
12,2019-02-21,1.0,1.0,,1.0,,
13,2019-02-24,1.0,1.0,,,,1.0
14,2019-03-01,1.0,,1.0,1.0,,
15,2019-03-05,1.0,2.0,,,,
16,2019-03-08,3.0,1.0,1.0,,1.0,
17,2019-03-10,1.0,,,,,
18,2019-03-19,1.0,1.0,,,,1.0
19,2019-03-20,1.0,,1.0,,2.0,
20,2019-03-22,1.0,1.0,,,2.0,1.0
21,2019-03-23,2.0,,2.0,,,
22,2019-03-25,1.0,2.0,,1.0,,1.0
23,2019-03-26,1.0,,1.0,,1.0,
24,2019-03-27,3.0,1.0,,1.0,1.0,
25,2019-03-28,1.0,4.0,,1.0,,1.0
26,2019-03-30,1.0,,1.0,1.0,,
27,2019-03-31,1.0,,,1.0,1.0,1.0
28,2019-04-01,1.0,,,1.0,1.0,1.0
29,2019-04-05,1.0,,,2.0,1.0,
30,2019-04-06,2.0,,,1.0,1.0,
31,2019-04-09,1.0,1.0,,,,
32,2019-04-11,1.0,,1.0,2.0,1.0,
33,2019-04-12,1.0,2.0,,,,
34,2019-04-15,2.0,,,,1.0,1.0
35,2019-04-16,1.0,1.0,1.0,,1.0,2.0
36,2019-04-17,1.0,1.0,,3.0,,
37,2019-04-19,1.0,,1.0,,3.0,2.0
38,2019-04-20,2.0,1.0,,2.0,,
39,2019-04-21,4.0,1.0,1.0,1.0,1.0,1.0
40,2019-04-22,1.0,1.0,1.0,1.0,,1.0
41,2019-04-25,1.0,1.0,2.0,,1.0,
42,2019-05-01,1.0,,3.0,2.0,,2.0
43,2019-05-03,1.0,1.0,2.0,1.0,,
44,2019-05-07,2.0,,1.0,2.0,2.0,1.0
45,2019-05-08,3.0,2.0,1.0,,1.0,
46,2019-05-10,1.0,2.0,,1.0,2.0,1.0
47,2019-05-12,1.0,,,1.0,2.0,
48,2019-05-13,1.0,,1.0,1.0,1.0,
49,2019-05-14,1.0,2.0,,,1.0,1.0
50,2019-05-15,1.0,,1.0,1.0,,2.0
51,2019-05-18,2.0,,1.0,,1.0,2.0
52,2019-05-20,1.0,,,2.0,2.0,3.0
53,2019-05-21,2.0,1.0,1.0,1.0,2.0,1.0
54,2019-05-23,3.0,4.0,1.0,1.0,,1.0
55,2019-05-24,1.0,,,1.0,,
56,2019-05-25,3.0,,,1.0,,1.0
57,2019-05-26,2.0,1.0,,2.0,2.0,2.0
58,2019-05-27,3.0,1.0,,,2.0,3.0
59,2019-05-28,2.0,3.0,1.0,,1.0,
60,2019-05-29,1.0,2.0,1.0,2.0,1.0,4.0
61,2019-05-30,1.0,,,1.0,2.0,1.0
62,2019-06-01,3.0,1.0,1.0,3.0,1.0,
63,2019-06-02,2.0,,,,1.0,
64,2019-06-04,1.0,4.0,,,,
65,2019-06-05,2.0,,1.0,2.0,1.0,2.0
66,2019-06-06,2.0,2.0,,1.0,1.0,
67,2019-06-07,1.0,6.0,1.0,1.0,,1.0
68,2019-06-08,1.0,2.0,,2.0,2.0,1.0
69,2019-06-09,1.0,1.0,2.0,,1.0,
70,2019-06-11,1.0,,2.0,1.0,2.0,1.0
71,2019-06-12,1.0,,,,2.0,2.0
72,2019-06-15,1.0,2.0,3.0,1.0,1.0,1.0
73,2019-06-17,3.0,4.0,1.0,2.0,1.0,2.0
74,2019-06-18,3.0,2.0,,1.0,,1.0
75,2019-06-19,2.0,1.0,,2.0,2.0,
76,2019-06-23,1.0,1.0,2.0,,,
77,2019-06-24,1.0,3.0,,,1.0,
78,2019-06-25,2.0,1.0,,1.0,1.0,1.0
79,2019-06-26,2.0,2.0,1.0,3.0,,2.0
80,2019-06-28,1.0,2.0,1.0,,1.0,1.0
81,2019-06-29,1.0,1.0,1.0,2.0,1.0,
82,2019-06-30,5.0,4.0,1.0,,,
83,2019-07-01,2.0,,,3.0,,
84,2019-07-02,3.0,6.0,,,1.0,
85,2019-07-05,2.0,1.0,3.0,1.0,3.0,2.0
86,2019-07-08,4.0,2.0,4.0,1.0,1.0,
87,2019-07-09,1.0,2.0,2.0,,,1.0
88,2019-07-10,1.0,1.0,,1.0,,
89,2019-07-11,4.0,,,1.0,,
90,2019-07-12,3.0,1.0,3.0,1.0,2.0,1.0
91,2019-07-13,1.0,1.0,,1.0,,1.0
92,2019-07-14,1.0,2.0,,2.0,,
93,2019-07-15,2.0,3.0,2.0,2.0,3.0,1.0
94,2019-07-16,3.0,1.0,2.0,1.0,3.0,1.0
95,2019-07-17,2.0,1.0,2.0,1.0,2.0,1.0
96,2019-07-18,1.0,2.0,1.0,,,
97,2019-07-19,2.0,,1.0,1.0,3.0,2.0
98,2019-07-20,2.0,,2.0,3.0,4.0,1.0
99,2019-07-24,4.0,1.0,1.0,2.0,,1.0
100,2019-07-25,2.0,2.0,,3.0,2.0,2.0
101,2019-07-26,3.0,,3.0,1.0,3.0,1.0
102,2019-07-27,4.0,,2.0,2.0,3.0,
103,2019-07-28,1.0,1.0,2.0,,1.0,4.0
104,2019-07-29,1.0,1.0,3.0,1.0,1.0,
105,2019-07-30,1.0,3.0,1.0,1.0,1.0,1.0
106,2019-08-01,3.0,4.0,3.0,1.0,3.0,1.0
107,2019-08-02,1.0,2.0,1.0,1.0,,1.0
108,2019-08-04,2.0,3.0,,,2.0,
109,2019-08-05,1.0,,,1.0,,
110,2019-08-06,4.0,1.0,,,2.0,
111,2019-08-07,2.0,1.0,2.0,2.0,,1.0
112,2019-08-09,2.0,1.0,3.0,4.0,1.0,1.0
113,2019-08-10,3.0,,2.0,2.0,2.0,3.0
114,2019-08-11,1.0,3.0,4.0,,,1.0
115,2019-08-12,2.0,3.0,4.0,,1.0,
116,2019-08-13,2.0,2.0,3.0,5.0,3.0,2.0
117,2019-08-14,1.0,2.0,1.0,1.0,2.0,1.0
118,2019-08-15,1.0,1.0,,1.0,4.0,
119,2019-08-16,2.0,1.0,,1.0,2.0,
120,2019-08-17,1.0,,3.0,2.0,,1.0
121,2019-08-19,1.0,3.0,,3.0,4.0,4.0
122,2019-08-20,2.0,,2.0,5.0,2.0,
123,2019-08-21,2.0,2.0,1.0,1.0,1.0,3.0
124,2019-08-22,1.0,2.0,4.0,4.0,1.0,2.0
125,2019-08-24,1.0,,2.0,,1.0,2.0
126,2019-08-25,1.0,,1.0,3.0,1.0,
127,2019-08-26,1.0,1.0,1.0,2.0,,3.0
128,2019-08-27,3.0,,1.0,1.0,1.0,
129,2019-08-28,4.0,,1.0,2.0,2.0,
130,2019-08-29,3.0,3.0,3.0,2.0,,2.0
131,2019-08-30,2.0,3.0,3.0,3.0,2.0,
132,2019-08-31,4.0,2.0,1.0,3.0,,
133,2019-09-01,2.0,,4.0,,2.0,3.0
134,2019-09-02,2.0,1.0,3.0,3.0,1.0,1.0
135,2019-09-03,3.0,3.0,1.0,,,2.0
136,2019-09-04,1.0,2.0,,1.0,,1.0
137,2019-09-07,3.0,2.0,1.0,4.0,2.0,1.0
138,2019-09-08,5.0,,2.0,3.0,4.0,3.0
139,2019-09-09,1.0,3.0,1.0,3.0,1.0,1.0
140,2019-09-10,1.0,2.0,,3.0,,4.0
141,2019-09-11,1.0,2.0,2.0,,1.0,1.0
142,2019-09-12,1.0,,3.0,,,
143,2019-09-13,2.0,3.0,1.0,1.0,1.0,1.0
144,2019-09-15,2.0,,,2.0,,
145,2019-09-16,3.0,5.0,4.0,2.0,2.0,2.0
146,2019-09-17,2.0,2.0,2.0,2.0,2.0,1.0
147,2019-09-18,4.0,3.0,2.0,3.0,3.0,1.0
148,2019-09-19,3.0,1.0,1.0,2.0,1.0,
149,2019-09-20,2.0,4.0,2.0,3.0,2.0,1.0
150,2019-09-21,1.0,2.0,2.0,,2.0,2.0
151,2019-09-22,2.0,2.0,,3.0,1.0,1.0
152,2019-09-23,4.0,3.0,1.0,2.0,1.0,2.0
153,2019-09-24,1.0,2.0,3.0,1.0,4.0,1.0
154,2019-09-26,3.0,2.0,1.0,3.0,6.0,3.0
155,2019-09-27,3.0,1.0,1.0,2.0,3.0,3.0
156,2019-09-28,4.0,,2.0,,2.0,2.0
157,2019-09-29,1.0,2.0,1.0,2.0,4.0,2.0
158,2019-09-30,1.0,,4.0,3.0,2.0,1.0
159,2019-10-01,2.0,1.0,3.0,3.0,1.0,
160,2019-10-02,2.0,1.0,2.0,5.0,1.0,3.0
161,2019-10-03,1.0,1.0,1.0,2.0,,1.0
162,2019-10-04,2.0,3.0,1.0,3.0,5.0,
163,2019-10-05,3.0,1.0,1.0,4.0,2.0,3.0
164,2019-10-06,2.0,4.0,3.0,2.0,1.0,2.0
165,2019-10-07,1.0,1.0,2.0,,2.0,1.0
166,2019-10-08,2.0,1.0,4.0,3.0,4.0,
167,2019-10-11,4.0,2.0,1.0,1.0,1.0,1.0
168,2019-10-12,3.0,1.0,,3.0,1.0,4.0
169,2019-10-13,2.0,1.0,3.0,4.0,3.0,
170,2019-10-14,1.0,1.0,6.0,3.0,3.0,
171,2019-10-15,1.0,,1.0,1.0,1.0,1.0
172,2019-10-16,2.0,1.0,1.0,2.0,6.0,1.0
173,2019-10-17,3.0,2.0,,4.0,1.0,2.0
174,2019-10-18,3.0,1.0,4.0,2.0,2.0,1.0
175,2019-10-19,2.0,3.0,2.0,,,1.0
176,2019-10-20,2.0,4.0,1.0,2.0,4.0,2.0
177,2019-10-21,4.0,2.0,1.0,,3.0,1.0
178,2019-10-22,4.0,2.0,1.0,3.0,2.0,6.0
179,2019-10-23,1.0,4.0,1.0,2.0,2.0,2.0
180,2019-10-24,2.0,4.0,2.0,1.0,1.0,1.0
181,2019-10-25,4.0,4.0,2.0,1.0,1.0,2.0
182,2019-10-26,4.0,7.0,1.0,3.0,3.0,2.0
183,2019-10-27,1.0,,1.0,,1.0,
184,2019-10-29,4.0,3.0,1.0,,1.0,
185,2019-10-30,4.0,2.0,1.0,2.0,5.0,3.0
186,2019-10-31,3.0,2.0,4.0,,4.0,6.0
187,2019-11-01,4.0,,1.0,6.0,3.0,4.0
188,2019-11-02,2.0,4.0,6.0,2.0,2.0,
189,2019-11-03,5.0,1.0,4.0,3.0,4.0,1.0
190,2019-11-04,3.0,4.0,2.0,,3.0,2.0
191,2019-11-05,1.0,1.0,3.0,3.0,3.0,
192,2019-11-06,6.0,2.0,1.0,1.0,1.0,1.0
193,2019-11-07,2.0,1.0,1.0,3.0,2.0,3.0
194,2019-11-08,2.0,2.0,3.0,3.0,2.0,4.0
195,2019-11-09,5.0,1.0,2.0,8.0,2.0,1.0
196,2019-11-10,2.0,1.0,1.0,,3.0,1.0
197,2019-11-11,4.0,2.0,2.0,3.0,4.0,1.0
198,2019-11-12,2.0,2.0,2.0,3.0,1.0,1.0
199,2019-11-13,2.0,1.0,3.0,,3.0,3.0
200,2019-11-15,6.0,4.0,4.0,1.0,3.0,2.0
201,2019-11-16,1.0,2.0,,2.0,3.0,2.0
202,2019-11-17,5.0,8.0,3.0,,2.0,2.0
203,2019-11-18,6.0,2.0,2.0,1.0,2.0,1.0
204,2019-11-19,3.0,3.0,2.0,1.0,4.0,
205,2019-11-20,2.0,1.0,1.0,6.0,1.0,2.0
206,2019-11-21,1.0,2.0,3.0,4.0,2.0,1.0
207,2019-11-23,2.0,3.0,5.0,2.0,2.0,1.0
208,2019-11-24,2.0,3.0,2.0,1.0,1.0,2.0
209,2019-11-25,3.0,2.0,4.0,2.0,2.0,1.0
210,2019-11-26,6.0,2.0,1.0,4.0,1.0,
211,2019-11-27,5.0,4.0,5.0,3.0,1.0,1.0
212,2019-11-28,2.0,3.0,3.0,1.0,2.0,3.0
213,2019-11-29,5.0,1.0,1.0,2.0,3.0,4.0
214,2019-11-30,5.0,5.0,,1.0,,1.0
215,2019-12-01,5.0,3.0,1.0,2.0,,2.0
216,2019-12-02,3.0,3.0,5.0,1.0,1.0,1.0
217,2019-12-03,3.0,5.0,1.0,4.0,4.0,1.0
218,2019-12-05,4.0,3.0,2.0,4.0,3.0,3.0
219,2019-12-06,3.0,1.0,4.0,5.0,1.0,2.0
220,2019-12-07,3.0,4.0,2.0,2.0,7.0,3.0
221,2019-12-08,2.0,1.0,3.0,2.0,3.0,2.0
222,2019-12-09,2.0,4.0,2.0,2.0,2.0,2.0
223,2019-12-10,3.0,1.0,1.0,2.0,2.0,2.0
224,2019-12-11,4.0,3.0,1.0,,3.0,4.0
225,2019-12-12,1.0,2.0,1.0,1.0,1.0,
226,2019-12-13,4.0,2.0,2.0,6.0,5.0,3.0
227,2019-12-14,4.0,5.0,6.0,3.0,4.0,3.0
228,2019-12-15,1.0,1.0,1.0,5.0,2.0,3.0
229,2019-12-16,1.0,1.0,2.0,2.0,3.0,
230,2019-12-17,9.0,5.0,6.0,5.0,1.0,1.0
231,2019-12-18,4.0,4.0,2.0,4.0,1.0,2.0
232,2019-12-19,2.0,3.0,4.0,1.0,2.0,3.0
233,2019-12-20,3.0,4.0,2.0,1.0,3.0,2.0
234,2019-12-21,6.0,5.0,2.0,2.0,1.0,3.0
235,2019-12-22,1.0,,4.0,2.0,6.0,
236,2019-12-23,4.0,4.0,4.0,3.0,2.0,
237,2019-12-24,1.0,1.0,1.0,2.0,2.0,1.0
238,2019-12-25,4.0,1.0,3.0,2.0,2.0,3.0
239,2019-12-26,2.0,,2.0,7.0,2.0,2.0
240,2019-12-27,1.0,3.0,1.0,4.0,4.0,2.0
241,2019-12-28,3.0,2.0,2.0,3.0,3.0,4.0
242,2019-12-29,4.0,,1.0,3.0,2.0,2.0
243,2019-12-30,2.0,2.0,1.0,3.0,1.0,1.0
244,2019-12-31,3.0,2.0,1.0,2.0,3.0,1.0
245,2020-01-01,1.0,7.0,6.0,1.0,3.0,2.0
246,2020-01-02,3.0,2.0,2.0,4.0,2.0,4.0
247,2020-01-03,2.0,3.0,3.0,1.0,4.0,1.0
248,2020-01-04,2.0,4.0,1.0,5.0,2.0,1.0
249,2020-01-05,2.0,1.0,,2.0,3.0,
250,2020-01-06,2.0,2.0,4.0,2.0,4.0,4.0
251,2020-01-07,5.0,3.0,3.0,3.0,2.0,1.0
252,2020-01-08,7.0,1.0,5.0,3.0,7.0,
253,2020-01-09,1.0,5.0,2.0,3.0,5.0,6.0
254,2020-01-10,5.0,2.0,4.0,3.0,3.0,3.0
255,2020-01-11,4.0,1.0,2.0,2.0,2.0,1.0
256,2020-01-12,2.0,3.0,2.0,4.0,1.0,2.0
257,2020-01-13,2.0,1.0,2.0,3.0,3.0,2.0
258,2020-01-14,4.0,2.0,4.0,6.0,2.0,2.0
259,2020-01-15,2.0,4.0,1.0,2.0,4.0,7.0
260,2020-01-16,4.0,,1.0,3.0,2.0,2.0
261,2020-01-17,3.0,2.0,5.0,2.0,,1.0
262,2020-01-18,1.0,4.0,3.0,4.0,3.0,2.0
263,2020-01-19,3.0,2.0,5.0,,4.0,
264,2020-01-20,9.0,,4.0,2.0,3.0,1.0
265,2020-01-21,1.0,,1.0,4.0,5.0,3.0
266,2020-01-22,3.0,3.0,1.0,3.0,2.0,4.0
267,2020-01-23,3.0,4.0,7.0,2.0,4.0,2.0
268,2020-01-24,2.0,2.0,3.0,,2.0,1.0
269,2020-01-25,3.0,3.0,2.0,1.0,1.0,
270,2020-01-26,6.0,5.0,2.0,5.0,3.0,2.0
271,2020-01-27,4.0,1.0,3.0,1.0,2.0,3.0
272,2020-01-28,1.0,3.0,3.0,3.0,2.0,2.0
273,2020-01-29,4.0,3.0,,2.0,2.0,3.0
274,2020-01-30,1.0,4.0,,4.0,2.0,1.0
275,2020-01-31,3.0,2.0,6.0,3.0,3.0,
276,2020-02-01,3.0,1.0,3.0,4.0,3.0,2.0
277,2020-02-02,1.0,2.0,2.0,3.0,8.0,2.0
278,2020-02-03,6.0,2.0,5.0,2.0,3.0,4.0
279,2020-02-04,1.0,2.0,5.0,7.0,2.0,1.0
280,2020-02-05,5.0,5.0,1.0,4.0,3.0,2.0
281,2020-02-06,6.0,4.0,3.0,1.0,4.0,2.0
282,2020-02-07,1.0,1.0,2.0,5.0,2.0,1.0
283,2020-02-08,6.0,2.0,3.0,1.0,3.0,3.0
284,2020-02-09,2.0,3.0,3.0,5.0,2.0,1.0
285,2020-02-10,4.0,3.0,2.0,2.0,6.0,5.0
286,2020-02-11,3.0,2.0,4.0,2.0,2.0,3.0
287,2020-02-12,7.0,5.0,3.0,6.0,4.0,4.0
288,2020-02-13,1.0,4.0,6.0,5.0,2.0,2.0
289,2020-02-14,3.0,8.0,3.0,,1.0,3.0
290,2020-02-15,5.0,4.0,1.0,,1.0,3.0
291,2020-02-16,5.0,2.0,2.0,1.0,4.0,2.0
292,2020-02-17,3.0,2.0,7.0,4.0,3.0,4.0
293,2020-02-18,5.0,2.0,4.0,3.0,6.0,1.0
294,2020-02-19,2.0,5.0,3.0,,6.0,5.0
295,2020-02-20,1.0,,,6.0,,2.0
296,2020-02-21,1.0,5.0,2.0,4.0,3.0,2.0
297,2020-02-22,4.0,3.0,2.0,1.0,3.0,1.0
298,2020-02-23,4.0,4.0,1.0,6.0,3.0,2.0
299,2020-02-24,3.0,4.0,3.0,6.0,4.0,2.0
300,2020-02-25,4.0,4.0,2.0,4.0,5.0,1.0
301,2020-02-26,3.0,5.0,2.0,2.0,1.0,2.0
302,2020-02-27,7.0,2.0,2.0,4.0,,
303,2020-02-28,3.0,4.0,3.0,2.0,,4.0
304,2020-02-29,2.0,3.0,,3.0,4.0,2.0
305,2020-03-01,4.0,6.0,2.0,5.0,3.0,1.0
306,2020-03-02,4.0,4.0,2.0,1.0,3.0,4.0
307,2020-03-03,3.0,2.0,5.0,3.0,1.0,3.0
308,2020-03-04,3.0,6.0,,4.0,2.0,3.0
309,2020-03-05,6.0,4.0,4.0,3.0,2.0,
310,2020-03-07,9.0,2.0,1.0,7.0,3.0,2.0
311,2020-03-08,3.0,1.0,3.0,1.0,1.0,3.0
312,2020-03-09,1.0,1.0,1.0,3.0,5.0,5.0
313,2020-03-10,6.0,4.0,1.0,3.0,3.0,3.0
314,2020-03-11,2.0,7.0,3.0,5.0,2.0,2.0
315,2020-03-12,4.0,3.0,3.0,2.0,4.0,5.0
316,2020-03-13,1.0,4.0,3.0,6.0,3.0,4.0
317,2020-03-14,2.0,,2.0,1.0,1.0,2.0
318,2020-03-15,4.0,3.0,4.0,3.0,1.0,3.0
319,2020-03-16,4.0,5.0,7.0,2.0,1.0,4.0
320,2020-03-17,2.0,6.0,5.0,1.0,4.0,1.0
321,2020-03-18,3.0,1.0,3.0,5.0,2.0,4.0
322,2020-03-19,2.0,2.0,1.0,1.0,2.0,3.0
323,2020-03-20,7.0,3.0,2.0,3.0,1.0,6.0
324,2020-03-21,5.0,1.0,6.0,2.0,1.0,4.0
325,2020-03-22,4.0,9.0,3.0,3.0,4.0,1.0
326,2020-03-23,1.0,2.0,3.0,,1.0,3.0
327,2020-03-24,1.0,1.0,6.0,2.0,4.0,2.0
328,2020-03-25,5.0,4.0,3.0,2.0,5.0,4.0
329,2020-03-26,2.0,4.0,5.0,5.0,2.0,3.0
330,2020-03-27,5.0,2.0,4.0,6.0,1.0,2.0
331,2020-03-28,8.0,3.0,3.0,1.0,,2.0
332,2020-03-29,3.0,1.0,3.0,4.0,4.0,2.0
333,2020-03-31,4.0,1.0,6.0,3.0,7.0,1.0
334,2020-04-01,4.0,1.0,2.0,5.0,6.0,2.0
335,2020-04-02,5.0,9.0,4.0,4.0,2.0,4.0
336,2020-04-03,4.0,7.0,2.0,7.0,6.0,8.0
337,2020-04-04,6.0,2.0,3.0,1.0,3.0,4.0
338,2020-04-05,10.0,3.0,3.0,2.0,3.0,5.0
339,2020-04-06,2.0,6.0,7.0,2.0,6.0,4.0
340,2020-04-07,7.0,2.0,1.0,,1.0,1.0
341,2020-04-08,4.0,3.0,3.0,2.0,3.0,3.0
342,2020-04-09,3.0,4.0,2.0,4.0,2.0,4.0
343,2020-04-10,5.0,3.0,1.0,4.0,2.0,6.0
344,2020-04-11,2.0,3.0,5.0,1.0,,5.0
345,2020-04-12,3.0,,3.0,3.0,3.0,1.0
346,2020-04-13,5.0,2.0,4.0,1.0,2.0,4.0
347,2020-04-14,9.0,3.0,4.0,3.0,2.0,5.0
348,2020-04-15,4.0,4.0,4.0,2.0,6.0,4.0
349,2020-04-16,7.0,4.0,4.0,2.0,3.0,
350,2020-04-17,6.0,4.0,4.0,1.0,7.0,2.0
351,2020-04-18,3.0,3.0,2.0,3.0,2.0,4.0
352,2020-04-19,3.0,4.0,5.0,2.0,4.0,1.0
353,2020-04-20,1.0,5.0,3.0,4.0,2.0,7.0
354,2020-04-21,3.0,1.0,1.0,4.0,1.0,1.0
355,2020-04-22,4.0,1.0,5.0,5.0,5.0,1.0
356,2020-04-23,4.0,4.0,4.0,3.0,2.0,2.0
357,2020-04-24,4.0,4.0,7.0,3.0,3.0,4.0
358,2020-04-25,6.0,7.0,3.0,3.0,3.0,4.0
359,2020-04-26,4.0,3.0,9.0,3.0,2.0,2.0
360,2020-04-27,8.0,6.0,4.0,4.0,1.0,
361,2020-04-28,2.0,5.0,2.0,6.0,8.0,3.0
362,2020-04-29,4.0,4.0,6.0,4.0,5.0,3.0
363,2020-04-30,3.0,10.0,1.0,3.0,4.0,3.0
364,2020-05-01,5.0,3.0,1.0,3.0,5.0,4.0
365,2020-05-02,3.0,4.0,4.0,2.0,2.0,3.0
366,2020-05-03,5.0,5.0,1.0,5.0,4.0,2.0
367,2020-05-04,4.0,4.0,7.0,5.0,1.0,3.0
368,2020-05-05,3.0,3.0,2.0,4.0,,2.0
369,2020-05-06,4.0,5.0,5.0,4.0,4.0,4.0
370,2020-05-07,8.0,5.0,4.0,4.0,,
371,2020-05-08,5.0,2.0,3.0,5.0,3.0,2.0
372,2020-05-09,2.0,4.0,3.0,6.0,4.0,4.0
373,2020-05-10,4.0,5.0,6.0,3.0,6.0,1.0
374,2020-05-11,5.0,3.0,3.0,5.0,3.0,6.0
375,2020-05-12,11.0,2.0,1.0,2.0,1.0,6.0
376,2020-05-13,2.0,4.0,3.0,3.0,3.0,1.0
377,2020-05-14,3.0,2.0,3.0,9.0,3.0,1.0
378,2020-05-15,5.0,2.0,6.0,2.0,6.0,2.0
379,2020-05-16,3.0,4.0,4.0,3.0,1.0,3.0
380,2020-05-17,4.0,5.0,3.0,3.0,4.0,1.0
381,2020-05-18,6.0,5.0,4.0,3.0,4.0,3.0
382,2020-05-19,4.0,6.0,3.0,3.0,6.0,5.0
383,2020-05-20,4.0,5.0,,4.0,4.0,2.0
384,2020-05-21,1.0,2.0,2.0,5.0,4.0,5.0
385,2020-05-22,4.0,6.0,4.0,,5.0,1.0
386,2020-05-23,6.0,5.0,7.0,3.0,3.0,
387,2020-05-24,5.0,2.0,6.0,2.0,3.0,1.0
388,2020-05-25,5.0,3.0,3.0,3.0,2.0,5.0
389,2020-05-26,3.0,4.0,2.0,4.0,1.0,4.0
390,2020-05-27,3.0,3.0,5.0,2.0,5.0,3.0
391,2020-05-28,4.0,5.0,4.0,1.0,3.0,5.0
392,2020-05-29,5.0,5.0,4.0,2.0,2.0,4.0
393,2020-05-30,5.0,,2.0,4.0,8.0,2.0
394,2020-05-31,4.0,5.0,2.0,3.0,2.0,3.0
395,2020-06-01,2.0,5.0,5.0,4.0,5.0,3.0
396,2020-06-02,4.0,2.0,1.0,2.0,9.0,2.0
397,2020-06-03,2.0,11.0,3.0,5.0,4.0,2.0
398,2020-06-04,3.0,2.0,,7.0,3.0,2.0
399,2020-06-05,3.0,4.0,7.0,4.0,6.0,5.0
400,2020-06-06,5.0,2.0,3.0,2.0,3.0,6.0
401,2020-06-07,1.0,3.0,5.0,5.0,3.0,2.0
402,2020-06-08,7.0,2.0,3.0,5.0,3.0,8.0
403,2020-06-09,7.0,3.0,4.0,3.0,4.0,5.0
404,2020-06-10,2.0,3.0,5.0,6.0,3.0,4.0
405,2020-06-11,2.0,6.0,5.0,6.0,3.0,6.0
406,2020-06-12,3.0,3.0,9.0,4.0,3.0,5.0
407,2020-06-13,5.0,6.0,2.0,9.0,4.0,6.0
408,2020-06-14,5.0,9.0,4.0,3.0,3.0,4.0
409,2020-06-15,2.0,3.0,,5.0,11.0,8.0
410,2020-06-16,4.0,4.0,4.0,4.0,2.0,4.0
411,2020-06-17,6.0,8.0,3.0,4.0,7.0,6.0
412,2020-06-18,1.0,6.0,2.0,4.0,8.0,3.0
413,2020-06-19,8.0,7.0,2.0,3.0,4.0,6.0
414,2020-06-20,3.0,3.0,6.0,6.0,2.0,4.0
415,2020-06-21,2.0,6.0,4.0,6.0,7.0,1.0
416,2020-06-22,2.0,7.0,6.0,3.0,5.0,5.0
417,2020-06-23,4.0,4.0,6.0,2.0,3.0,5.0
418,2020-06-25,6.0,3.0,6.0,3.0,3.0,3.0
419,2020-06-26,2.0,2.0,3.0,1.0,8.0,1.0
420,2020-06-27,5.0,3.0,1.0,4.0,3.0,5.0
421,2020-06-28,2.0,8.0,,7.0,4.0,3.0
422,2020-06-29,8.0,5.0,8.0,1.0,5.0,5.0
423,2020-06-30,5.0,7.0,2.0,5.0,5.0,5.0
424,2020-07-01,8.0,4.0,2.0,3.0,3.0,2.0
425,2020-07-02,2.0,6.0,5.0,2.0,7.0,3.0
426,2020-07-03,2.0,4.0,2.0,6.0,2.0,2.0
427,2020-07-04,2.0,1.0,7.0,5.0,5.0,2.0
428,2020-07-05,6.0,6.0,3.0,3.0,3.0,4.0
429,2020-07-06,3.0,5.0,1.0,5.0,3.0,2.0
430,2020-07-07,7.0,6.0,1.0,7.0,1.0,1.0
431,2020-07-08,7.0,4.0,3.0,4.0,8.0,2.0
432,2020-07-09,2.0,1.0,7.0,1.0,7.0,2.0
433,2020-07-10,6.0,4.0,4.0,4.0,1.0,1.0
434,2020-07-11,3.0,4.0,6.0,8.0,3.0,2.0
435,2020-07-12,4.0,5.0,4.0,2.0,3.0,5.0
436,2020-07-13,3.0,1.0,2.0,4.0,6.0,3.0
437,2020-07-14,3.0,3.0,3.0,8.0,3.0,4.0
438,2020-07-15,5.0,2.0,1.0,4.0,6.0,6.0
439,2020-07-16,7.0,6.0,5.0,2.0,5.0,3.0
440,2020-07-17,7.0,4.0,5.0,8.0,3.0,3.0
441,2020-07-18,3.0,4.0,4.0,6.0,5.0,4.0
442,2020-07-19,5.0,6.0,1.0,5.0,7.0,4.0
443,2020-07-20,4.0,6.0,5.0,2.0,2.0,6.0
444,2020-07-21,6.0,5.0,2.0,3.0,4.0,6.0
445,2020-07-22,6.0,6.0,7.0,3.0,4.0,5.0
446,2020-07-23,4.0,4.0,2.0,5.0,6.0,3.0
447,2020-07-24,6.0,7.0,7.0,5.0,1.0,2.0
448,2020-07-25,5.0,3.0,4.0,1.0,6.0,3.0
449,2020-07-26,2.0,3.0,7.0,5.0,5.0,4.0
450,2020-07-27,5.0,5.0,3.0,4.0,4.0,6.0
451,2020-07-28,9.0,4.0,4.0,1.0,3.0,2.0
452,2020-07-29,3.0,6.0,5.0,8.0,4.0,3.0
453,2020-07-30,5.0,,3.0,4.0,5.0,5.0
454,2020-07-31,7.0,4.0,1.0,7.0,4.0,7.0
455,2020-08-01,3.0,7.0,8.0,3.0,2.0,3.0
456,2020-08-02,5.0,5.0,4.0,9.0,8.0,4.0
457,2020-08-03,9.0,8.0,3.0,6.0,5.0,2.0
458,2020-08-04,4.0,7.0,6.0,4.0,1.0,2.0
459,2020-08-05,8.0,6.0,5.0,9.0,3.0,4.0
460,2020-08-06,5.0,6.0,5.0,5.0,9.0,3.0
461,2020-08-07,3.0,5.0,6.0,4.0,2.0,2.0
462,2020-08-08,6.0,6.0,8.0,4.0,5.0,4.0
463,2020-08-09,7.0,9.0,6.0,6.0,4.0,1.0
464,2020-08-10,4.0,8.0,,3.0,5.0,1.0
465,2020-08-11,3.0,1.0,6.0,4.0,4.0,5.0
466,2020-08-12,4.0,3.0,5.0,6.0,2.0,2.0
467,2020-08-13,5.0,3.0,5.0,2.0,2.0,5.0
468,2020-08-14,6.0,5.0,2.0,4.0,10.0,3.0
469,2020-08-15,1.0,5.0,3.0,1.0,11.0,4.0
470,2020-08-16,2.0,2.0,7.0,5.0,4.0,5.0
471,2020-08-17,4.0,4.0,6.0,10.0,2.0,2.0
472,2020-08-18,5.0,4.0,6.0,4.0,6.0,5.0
473,2020-08-19,6.0,6.0,6.0,6.0,3.0,3.0
474,2020-08-20,5.0,6.0,3.0,1.0,3.0,6.0
475,2020-08-21,7.0,2.0,6.0,5.0,4.0,
476,2020-08-22,4.0,6.0,4.0,6.0,2.0,4.0
477,2020-08-23,6.0,8.0,2.0,7.0,4.0,7.0
478,2020-08-24,5.0,3.0,4.0,10.0,4.0,4.0
479,2020-08-25,3.0,4.0,3.0,4.0,7.0,1.0
480,2020-08-26,2.0,2.0,2.0,9.0,4.0,8.0
481,2020-08-27,7.0,6.0,4.0,4.0,3.0,4.0
482,2020-08-28,6.0,7.0,7.0,6.0,4.0,3.0
483,2020-08-29,4.0,6.0,5.0,2.0,6.0,2.0
484,2020-08-30,4.0,7.0,8.0,8.0,6.0,4.0
485,2020-08-31,5.0,8.0,7.0,1.0,6.0,2.0
486,2020-09-01,4.0,4.0,4.0,10.0,3.0,4.0
487,2020-09-02,3.0,2.0,3.0,7.0,2.0,4.0
488,2020-09-03,3.0,7.0,9.0,2.0,10.0,6.0
489,2020-09-04,4.0,4.0,4.0,6.0,6.0,3.0
490,2020-09-05,2.0,7.0,6.0,5.0,8.0,2.0
491,2020-09-06,3.0,5.0,8.0,5.0,5.0,5.0
492,2020-09-07,10.0,6.0,4.0,8.0,4.0,6.0
493,2020-09-08,5.0,8.0,6.0,5.0,5.0,5.0
494,2020-09-09,5.0,3.0,4.0,7.0,3.0,3.0
495,2020-09-10,3.0,1.0,5.0,10.0,5.0,3.0
496,2020-09-11,4.0,8.0,3.0,7.0,7.0,6.0
497,2020-09-12,1.0,3.0,3.0,5.0,4.0,5.0
498,2020-09-13,6.0,7.0,8.0,5.0,5.0,4.0
499,2020-09-14,4.0,5.0,4.0,5.0,4.0,4.0
500,2020-09-15,11.0,7.0,7.0,4.0,3.0,3.0
501,2020-09-16,4.0,6.0,5.0,5.0,3.0,2.0
502,2020-09-17,9.0,1.0,6.0,6.0,5.0,2.0
503,2020-09-18,6.0,5.0,9.0,3.0,2.0,5.0
504,2020-09-19,9.0,8.0,2.0,6.0,4.0,5.0
505,2020-09-20,5.0,2.0,3.0,3.0,6.0,2.0
506,2020-09-21,3.0,7.0,5.0,7.0,11.0,6.0
507,2020-09-22,4.0,6.0,4.0,3.0,4.0,4.0
508,2020-09-23,3.0,8.0,3.0,3.0,6.0,2.0
509,2020-09-24,3.0,6.0,2.0,7.0,6.0,3.0
510,2020-09-25,3.0,4.0,3.0,5.0,5.0,2.0
511,2020-09-26,5.0,5.0,6.0,5.0,9.0,5.0
512,2020-09-27,3.0,4.0,3.0,3.0,4.0,6.0
513,2020-09-28,9.0,4.0,2.0,7.0,4.0,3.0
514,2020-09-29,6.0,9.0,10.0,5.0,6.0,5.0
515,2020-09-30,5.0,5.0,5.0,4.0,8.0,2.0
516,2020-10-01,5.0,4.0,3.0,5.0,10.0,3.0
517,2020-10-02,7.0,,4.0,8.0,5.0,1.0
518,2020-10-03,9.0,2.0,2.0,9.0,2.0,3.0
519,2020-10-04,2.0,2.0,3.0,4.0,7.0,6.0
520,2020-10-05,6.0,6.0,6.0,2.0,4.0,7.0
521,2020-10-06,3.0,4.0,4.0,5.0,6.0,6.0
522,2020-10-07,5.0,8.0,5.0,4.0,6.0,7.0
523,2020-10-08,4.0,6.0,3.0,2.0,6.0,2.0
524,2020-10-09,10.0,9.0,6.0,8.0,5.0,1.0
525,2020-10-10,4.0,4.0,5.0,3.0,5.0,4.0
526,2020-10-11,5.0,6.0,4.0,6.0,5.0,7.0
527,2020-10-12,7.0,6.0,4.0,10.0,4.0,3.0
528,2020-10-13,9.0,4.0,4.0,4.0,6.0,4.0
529,2020-10-14,4.0,2.0,6.0,6.0,4.0,5.0
530,2020-10-15,4.0,6.0,4.0,5.0,3.0,1.0
531,2020-10-16,2.0,10.0,8.0,5.0,10.0,4.0
532,2020-10-17,4.0,5.0,4.0,8.0,3.0,7.0
533,2020-10-18,3.0,8.0,9.0,7.0,5.0,7.0
534,2020-10-19,7.0,5.0,4.0,4.0,9.0,8.0
535,2020-10-20,6.0,5.0,5.0,3.0,4.0,6.0
536,2020-10-21,4.0,7.0,7.0,8.0,10.0,7.0
537,2020-10-22,5.0,10.0,7.0,3.0,4.0,7.0
538,2020-10-23,7.0,6.0,4.0,3.0,4.0,6.0
539,2020-10-24,6.0,4.0,8.0,2.0,3.0,2.0
540,2020-10-25,1.0,2.0,6.0,6.0,4.0,2.0
541,2020-10-26,9.0,6.0,4.0,6.0,8.0,4.0
542,2020-10-27,3.0,5.0,3.0,8.0,8.0,4.0
543,2020-10-28,8.0,4.0,3.0,3.0,5.0,6.0
544,2020-10-29,5.0,1.0,5.0,4.0,5.0,4.0
545,2020-10-30,3.0,2.0,6.0,6.0,5.0,3.0
546,2020-10-31,9.0,6.0,6.0,7.0,6.0,6.0
547,2020-11-01,11.0,6.0,5.0,6.0,5.0,4.0
548,2020-11-02,12.0,9.0,1.0,5.0,11.0,4.0
549,2020-11-03,8.0,1.0,4.0,2.0,5.0,7.0
550,2020-11-04,8.0,5.0,4.0,5.0,4.0,5.0
551,2020-11-05,4.0,7.0,8.0,8.0,4.0,4.0
552,2020-11-06,6.0,5.0,6.0,2.0,4.0,11.0
553,2020-11-07,5.0,5.0,4.0,5.0,6.0,2.0
554,2020-11-08,11.0,4.0,4.0,3.0,4.0,4.0
555,2020-11-09,8.0,5.0,6.0,7.0,2.0,6.0
556,2020-11-10,11.0,6.0,5.0,8.0,12.0,5.0
557,2020-11-11,7.0,6.0,8.0,7.0,11.0,6.0
558,2020-11-12,8.0,5.0,6.0,8.0,7.0,5.0
559,2020-11-13,6.0,8.0,6.0,3.0,3.0,5.0
560,2020-11-14,6.0,11.0,4.0,5.0,7.0,4.0
561,2020-11-15,10.0,6.0,3.0,5.0,2.0,7.0
562,2020-11-16,5.0,5.0,5.0,3.0,5.0,5.0
563,2020-11-17,8.0,5.0,8.0,11.0,6.0,9.0
564,2020-11-18,9.0,8.0,4.0,9.0,4.0,3.0
565,2020-11-19,5.0,7.0,9.0,4.0,5.0,5.0
566,2020-11-20,6.0,5.0,7.0,3.0,11.0,4.0
567,2020-11-21,7.0,4.0,7.0,7.0,2.0,6.0
568,2020-11-22,9.0,5.0,5.0,3.0,7.0,7.0
569,2020-11-23,3.0,6.0,6.0,8.0,8.0,6.0
570,2020-11-24,5.0,6.0,6.0,11.0,5.0,2.0
571,2020-11-25,5.0,6.0,7.0,4.0,3.0,
572,2020-11-26,4.0,5.0,4.0,6.0,7.0,1.0
573,2020-11-27,9.0,7.0,6.0,7.0,5.0,6.0
574,2020-11-28,7.0,3.0,4.0,10.0,10.0,1.0
575,2020-11-29,5.0,4.0,5.0,10.0,8.0,6.0
576,2020-11-30,10.0,12.0,4.0,6.0,8.0,3.0
577,2020-12-01,1.0,6.0,5.0,5.0,4.0,7.0
578,2020-12-02,10.0,2.0,4.0,4.0,5.0,5.0
579,2020-12-03,1.0,9.0,8.0,9.0,7.0,5.0
580,2020-12-04,8.0,4.0,8.0,9.0,7.0,4.0
581,2020-12-05,4.0,6.0,6.0,3.0,4.0,7.0
582,2020-12-06,9.0,5.0,5.0,,2.0,4.0
583,2020-12-07,11.0,2.0,6.0,6.0,3.0,6.0
584,2020-12-08,6.0,3.0,6.0,7.0,8.0,5.0
585,2020-12-09,12.0,8.0,8.0,7.0,5.0,7.0
586,2020-12-10,3.0,5.0,6.0,7.0,7.0,6.0
587,2020-12-11,6.0,7.0,6.0,6.0,8.0,1.0
588,2020-12-12,7.0,6.0,6.0,10.0,6.0,2.0
589,2020-12-13,5.0,8.0,4.0,5.0,5.0,7.0
590,2020-12-14,5.0,4.0,6.0,5.0,4.0,4.0
591,2020-12-15,7.0,7.0,11.0,7.0,5.0,6.0
592,2020-12-16,5.0,9.0,4.0,6.0,5.0,3.0
593,2020-12-17,7.0,7.0,4.0,5.0,2.0,8.0
594,2020-12-18,7.0,3.0,4.0,8.0,4.0,4.0
595,2020-12-19,4.0,7.0,3.0,6.0,1.0,5.0
596,2020-12-20,5.0,6.0,2.0,8.0,3.0,9.0
597,2020-12-21,9.0,9.0,4.0,5.0,3.0,5.0
598,2020-12-22,3.0,8.0,7.0,5.0,10.0,2.0
599,2020-12-23,7.0,6.0,5.0,5.0,6.0,5.0
600,2020-12-24,7.0,9.0,2.0,7.0,5.0,5.0
601,2020-12-25,8.0,3.0,5.0,3.0,3.0,5.0
602,2020-12-26,8.0,4.0,8.0,6.0,4.0,1.0
603,2020-12-27,6.0,6.0,7.0,6.0,13.0,9.0
604,2020-12-28,9.0,3.0,7.0,4.0,4.0,5.0
605,2020-12-29,6.0,3.0,7.0,9.0,7.0,2.0
606,2020-12-30,8.0,10.0,4.0,7.0,10.0,8.0
607,2020-12-31,9.0,3.0,8.0,12.0,5.0,3.0
608,2021-01-01,3.0,7.0,7.0,3.0,6.0,7.0
609,2021-01-02,6.0,10.0,7.0,9.0,7.0,5.0
610,2021-01-03,4.0,8.0,9.0,8.0,7.0,2.0
611,2021-01-04,8.0,13.0,1.0,4.0,6.0,7.0
612,2021-01-05,3.0,12.0,3.0,9.0,10.0,6.0
613,2021-01-06,11.0,5.0,6.0,6.0,5.0,5.0
614,2021-01-07,4.0,5.0,3.0,8.0,4.0,5.0
615,2021-01-08,12.0,9.0,2.0,9.0,8.0,5.0
616,2021-01-09,8.0,4.0,5.0,5.0,8.0,7.0
617,2021-01-10,5.0,5.0,8.0,8.0,4.0,7.0
618,2021-01-11,5.0,8.0,6.0,5.0,6.0,6.0
619,2021-01-12,3.0,3.0,10.0,4.0,7.0,7.0
620,2021-01-13,8.0,7.0,8.0,5.0,4.0,2.0
621,2021-01-14,4.0,8.0,4.0,5.0,9.0,7.0
622,2021-01-15,7.0,6.0,3.0,10.0,7.0,1.0
623,2021-01-16,11.0,6.0,6.0,6.0,2.0,7.0
624,2021-01-17,4.0,9.0,9.0,3.0,2.0,2.0
625,2021-01-18,4.0,10.0,10.0,7.0,7.0,3.0
626,2021-01-19,7.0,11.0,1.0,5.0,9.0,3.0
627,2021-01-20,6.0,8.0,5.0,5.0,9.0,5.0
628,2021-01-21,5.0,11.0,4.0,11.0,3.0,3.0
629,2021-01-22,11.0,12.0,7.0,5.0,6.0,5.0
630,2021-01-23,7.0,6.0,16.0,5.0,5.0,5.0
631,2021-01-24,14.0,5.0,4.0,8.0,5.0,5.0
632,2021-01-25,5.0,6.0,10.0,2.0,7.0,5.0
633,2021-01-26,9.0,6.0,9.0,8.0,8.0,6.0
634,2021-01-27,8.0,3.0,10.0,2.0,4.0,4.0
635,2021-01-28,8.0,8.0,3.0,4.0,7.0,1.0
636,2021-01-29,3.0,7.0,12.0,7.0,5.0,7.0
637,2021-01-30,4.0,12.0,7.0,6.0,5.0,5.0
638,2021-01-31,5.0,7.0,4.0,9.0,11.0,5.0
639,2021-02-01,15.0,6.0,6.0,5.0,6.0,2.0
640,2021-02-02,9.0,6.0,4.0,6.0,10.0,4.0
641,2021-02-03,17.0,9.0,8.0,7.0,6.0,2.0
642,2021-02-04,8.0,11.0,11.0,2.0,6.0,4.0
643,2021-02-05,7.0,6.0,4.0,5.0,6.0,7.0
644,2021-02-06,6.0,13.0,2.0,8.0,6.0,3.0
645,2021-02-07,9.0,7.0,2.0,4.0,1.0,4.0
646,2021-02-08,7.0,8.0,3.0,6.0,5.0,4.0
647,2021-02-09,7.0,10.0,6.0,9.0,7.0,7.0
648,2021-02-10,7.0,9.0,6.0,8.0,8.0,4.0
649,2021-02-11,11.0,3.0,6.0,8.0,5.0,2.0
650,2021-02-12,5.0,7.0,11.0,9.0,3.0,11.0
651,2021-02-13,5.0,4.0,13.0,6.0,6.0,8.0
652,2021-02-14,3.0,8.0,15.0,10.0,6.0,10.0
653,2021-02-15,6.0,2.0,9.0,7.0,6.0,6.0
654,2021-02-16,7.0,8.0,5.0,8.0,4.0,4.0
655,2021-02-17,3.0,5.0,3.0,5.0,6.0,3.0
656,2021-02-18,11.0,7.0,8.0,7.0,7.0,10.0
657,2021-02-19,8.0,8.0,3.0,6.0,7.0,3.0
658,2021-02-20,11.0,4.0,6.0,8.0,6.0,10.0
659,2021-02-21,3.0,7.0,12.0,9.0,7.0,5.0
660,2021-02-22,5.0,5.0,4.0,7.0,2.0,5.0
661,2021-02-23,6.0,8.0,8.0,8.0,7.0,6.0
662,2021-02-24,5.0,6.0,8.0,5.0,6.0,3.0
663,2021-02-25,6.0,8.0,9.0,7.0,12.0,5.0
664,2021-02-26,4.0,10.0,10.0,9.0,12.0,11.0
665,2021-02-27,6.0,7.0,5.0,5.0,9.0,6.0
666,2021-02-28,8.0,8.0,9.0,3.0,8.0,3.0
667,2021-03-01,7.0,8.0,3.0,1.0,8.0,4.0
668,2021-03-02,10.0,6.0,3.0,6.0,6.0,7.0
669,2021-03-03,7.0,8.0,5.0,6.0,5.0,5.0
670,2021-03-04,7.0,10.0,6.0,8.0,13.0,4.0
671,2021-03-05,12.0,10.0,6.0,4.0,8.0,3.0
672,2021-03-06,11.0,3.0,10.0,10.0,8.0,5.0
673,2021-03-07,11.0,7.0,3.0,7.0,7.0,4.0
674,2021-03-08,9.0,5.0,2.0,5.0,8.0,6.0
675,2021-03-09,13.0,11.0,13.0,5.0,4.0,3.0
676,2021-03-10,8.0,6.0,6.0,2.0,10.0,3.0
677,2021-03-11,5.0,7.0,8.0,7.0,11.0,9.0
678,2021-03-12,9.0,8.0,6.0,8.0,5.0,5.0
679,2021-03-13,5.0,9.0,6.0,7.0,8.0,7.0
680,2021-03-14,9.0,8.0,9.0,10.0,7.0,3.0
681,2021-03-15,6.0,8.0,5.0,8.0,9.0,4.0
682,2021-03-16,14.0,5.0,13.0,5.0,4.0,9.0
683,2021-03-17,10.0,3.0,8.0,6.0,4.0,4.0
684,2021-03-18,5.0,5.0,9.0,7.0,4.0,4.0
685,2021-03-19,6.0,7.0,13.0,6.0,5.0,7.0
686,2021-03-20,4.0,3.0,8.0,5.0,3.0,4.0
687,2021-03-21,8.0,7.0,7.0,7.0,3.0,3.0
688,2021-03-22,12.0,8.0,7.0,4.0,2.0,8.0
689,2021-03-23,6.0,6.0,8.0,3.0,9.0,7.0
690,2021-03-24,6.0,9.0,6.0,4.0,7.0,6.0
691,2021-03-25,9.0,10.0,11.0,7.0,4.0,6.0
692,2021-03-26,9.0,11.0,4.0,13.0,5.0,4.0
693,2021-03-27,2.0,1.0,9.0,6.0,9.0,8.0
694,2021-03-28,5.0,6.0,7.0,4.0,8.0,4.0
695,2021-03-29,9.0,5.0,7.0,6.0,7.0,4.0
696,2021-03-30,9.0,9.0,9.0,9.0,7.0,9.0
697,2021-03-31,6.0,4.0,8.0,6.0,9.0,7.0
698,2021-04-01,6.0,10.0,2.0,6.0,8.0,8.0
699,2021-04-02,8.0,1.0,8.0,4.0,8.0,7.0
700,2021-04-03,5.0,4.0,6.0,9.0,5.0,6.0
701,2021-04-04,13.0,4.0,9.0,4.0,9.0,8.0
702,2021-04-05,7.0,11.0,9.0,10.0,4.0,3.0
703,2021-04-06,7.0,13.0,5.0,4.0,7.0,4.0
704,2021-04-07,5.0,5.0,7.0,9.0,5.0,9.0
705,2021-04-08,15.0,5.0,6.0,8.0,7.0,2.0
706,2021-04-09,9.0,4.0,12.0,10.0,7.0,6.0
707,2021-04-10,7.0,10.0,12.0,8.0,11.0,8.0
708,2021-04-11,12.0,7.0,8.0,10.0,9.0,4.0
709,2021-04-12,5.0,8.0,8.0,7.0,6.0,7.0
710,2021-04-13,7.0,3.0,3.0,6.0,6.0,5.0
711,2021-04-14,8.0,7.0,6.0,8.0,4.0,8.0
712,2021-04-15,8.0,8.0,3.0,6.0,7.0,8.0
713,2021-04-16,4.0,10.0,3.0,8.0,2.0,6.0
714,2021-04-17,6.0,13.0,12.0,10.0,5.0,2.0
715,2021-04-18,5.0,6.0,6.0,7.0,5.0,8.0
716,2021-04-19,7.0,10.0,9.0,14.0,5.0,9.0
717,2021-04-20,9.0,3.0,7.0,5.0,10.0,5.0
718,2021-04-21,8.0,6.0,5.0,12.0,11.0,9.0
719,2021-04-22,7.0,7.0,5.0,8.0,5.0,9.0
720,2021-04-23,7.0,7.0,3.0,4.0,3.0,5.0
721,2021-04-24,3.0,3.0,10.0,5.0,6.0,6.0
722,2021-04-25,4.0,10.0,3.0,7.0,12.0,5.0
723,2021-04-26,14.0,1.0,11.0,6.0,8.0,7.0
724,2021-04-27,11.0,9.0,11.0,7.0,3.0,6.0
725,2021-04-28,6.0,8.0,10.0,10.0,11.0,3.0
726,2021-04-29,12.0,7.0,6.0,8.0,10.0,6.0
727,2021-04-30,8.0,8.0,9.0,8.0,11.0,12.0
728,2021-05-01,11.0,9.0,6.0,7.0,11.0,6.0
729,2021-05-02,9.0,9.0,4.0,4.0,7.0,4.0
730,2021-05-03,14.0,9.0,6.0,9.0,9.0,4.0
731,2021-05-04,7.0,5.0,7.0,6.0,5.0,7.0
732,2021-05-05,9.0,5.0,6.0,3.0,10.0,4.0
733,2021-05-06,9.0,3.0,7.0,8.0,11.0,4.0
734,2021-05-07,7.0,7.0,9.0,8.0,8.0,5.0
735,2021-05-08,3.0,9.0,8.0,10.0,7.0,3.0
736,2021-05-09,8.0,7.0,10.0,8.0,8.0,4.0
737,2021-05-10,11.0,9.0,8.0,8.0,7.0,4.0
738,2021-05-11,10.0,4.0,6.0,6.0,6.0,11.0
739,2021-05-12,14.0,11.0,3.0,6.0,14.0,9.0
740,2021-05-13,9.0,7.0,7.0,5.0,4.0,5.0
741,2021-05-14,7.0,8.0,15.0,1.0,6.0,11.0
742,2021-05-15,9.0,7.0,9.0,10.0,6.0,4.0
743,2021-05-16,10.0,4.0,8.0,8.0,8.0,5.0
744,2021-05-17,11.0,7.0,11.0,8.0,2.0,8.0
745,2021-05-18,7.0,7.0,11.0,8.0,7.0,3.0
746,2021-05-19,5.0,3.0,3.0,6.0,7.0,5.0
747,2021-05-20,7.0,5.0,8.0,6.0,9.0,3.0
748,2021-05-21,6.0,10.0,8.0,7.0,7.0,6.0
749,2021-05-22,4.0,7.0,10.0,10.0,11.0,5.0
750,2021-05-23,9.0,12.0,5.0,9.0,5.0,7.0
751,2021-05-24,10.0,5.0,9.0,10.0,12.0,2.0
752,2021-05-25,9.0,7.0,8.0,2.0,8.0,8.0
753,2021-05-26,3.0,4.0,10.0,10.0,8.0,5.0
754,2021-05-27,7.0,3.0,7.0,9.0,5.0,3.0
755,2021-05-28,4.0,9.0,4.0,12.0,11.0,6.0
756,2021-05-29,9.0,4.0,7.0,8.0,6.0,5.0
757,2021-05-30,10.0,2.0,10.0,11.0,13.0,8.0
758,2021-05-31,10.0,9.0,9.0,6.0,16.0,4.0
759,2021-06-01,10.0,7.0,7.0,9.0,5.0,4.0
760,2021-06-02,7.0,14.0,9.0,6.0,6.0,8.0
761,2021-06-03,10.0,7.0,12.0,9.0,9.0,4.0
762,2021-06-04,6.0,6.0,12.0,6.0,10.0,6.0
763,2021-06-05,10.0,9.0,7.0,12.0,8.0,12.0
764,2021-06-06,8.0,8.0,9.0,12.0,11.0,2.0
765,2021-06-07,11.0,14.0,4.0,10.0,7.0,6.0
766,2021-06-08,10.0,11.0,6.0,9.0,5.0,6.0
767,2021-06-09,4.0,7.0,5.0,14.0,12.0,3.0
768,2021-06-10,10.0,7.0,6.0,5.0,6.0,7.0
769,2021-06-11,11.0,8.0,8.0,8.0,12.0,8.0
770,2021-06-12,7.0,9.0,6.0,5.0,8.0,3.0
771,2021-06-13,11.0,7.0,4.0,12.0,6.0,6.0
772,2021-06-14,4.0,12.0,13.0,12.0,10.0,5.0
773,2021-06-15,4.0,12.0,10.0,9.0,9.0,4.0
774,2021-06-16,7.0,13.0,5.0,5.0,8.0,4.0
775,2021-06-17,12.0,11.0,12.0,5.0,11.0,5.0
776,2021-06-18,7.0,11.0,10.0,9.0,6.0,7.0
777,2021-06-19,9.0,9.0,8.0,8.0,8.0,3.0
778,2021-06-20,9.0,6.0,5.0,6.0,14.0,11.0
779,2021-06-21,8.0,8.0,5.0,15.0,3.0,8.0
780,2021-06-22,16.0,15.0,10.0,9.0,6.0,11.0
781,2021-06-23,6.0,12.0,4.0,9.0,6.0,4.0
782,2021-06-24,8.0,9.0,6.0,15.0,13.0,10.0
783,2021-06-25,7.0,9.0,9.0,5.0,5.0,6.0
784,2021-06-26,9.0,11.0,9.0,9.0,10.0,4.0
785,2021-06-27,16.0,6.0,8.0,10.0,11.0,3.0
786,2021-06-28,6.0,8.0,14.0,11.0,7.0,7.0
787,2021-06-29,5.0,10.0,9.0,11.0,5.0,4.0
788,2021-06-30,10.0,6.0,9.0,10.0,13.0,7.0
789,2021-07-01,5.0,6.0,4.0,8.0,1.0,8.0
790,2021-07-02,9.0,6.0,8.0,5.0,5.0,9.0
791,2021-07-03,8.0,8.0,4.0,10.0,7.0,3.0
792,2021-07-04,8.0,4.0,11.0,5.0,8.0,11.0
793,2021-07-05,6.0,11.0,6.0,7.0,8.0,7.0
794,2021-07-06,10.0,10.0,10.0,12.0,3.0,4.0
795,2021-07-07,6.0,9.0,10.0,12.0,10.0,6.0
796,2021-07-08,11.0,14.0,9.0,3.0,10.0,12.0
797,2021-07-09,9.0,11.0,12.0,8.0,8.0,8.0
798,2021-07-10,7.0,9.0,4.0,10.0,7.0,8.0
799,2021-07-11,8.0,9.0,4.0,3.0,8.0,7.0
800,2021-07-12,11.0,10.0,12.0,8.0,8.0,7.0
801,2021-07-13,10.0,5.0,9.0,6.0,11.0,10.0
802,2021-07-14,6.0,8.0,6.0,8.0,9.0,11.0
803,2021-07-15,8.0,6.0,10.0,9.0,13.0,7.0
804,2021-07-16,7.0,10.0,10.0,7.0,9.0,7.0
805,2021-07-17,11.0,10.0,3.0,12.0,9.0,11.0
806,2021-07-18,11.0,3.0,6.0,6.0,13.0,7.0
807,2021-07-19,10.0,7.0,4.0,6.0,9.0,7.0
808,2021-07-20,8.0,6.0,12.0,11.0,12.0,10.0
809,2021-07-21,8.0,9.0,9.0,7.0,7.0,7.0
810,2021-07-22,8.0,3.0,10.0,6.0,11.0,10.0
811,2021-07-23,3.0,9.0,11.0,16.0,4.0,11.0
812,2021-07-24,10.0,10.0,8.0,13.0,11.0,5.0
813,2021-07-25,6.0,7.0,7.0,13.0,9.0,9.0
814,2021-07-26,8.0,9.0,9.0,8.0,8.0,9.0
815,2021-07-27,6.0,3.0,8.0,13.0,9.0,14.0
816,2021-07-28,13.0,10.0,13.0,12.0,14.0,3.0
817,2021-07-29,11.0,10.0,8.0,8.0,7.0,8.0
818,2021-07-30,9.0,10.0,8.0,12.0,7.0,3.0
819,2021-07-31,11.0,10.0,10.0,5.0,6.0,4.0
820,2021-08-01,8.0,13.0,15.0,7.0,15.0,14.0
821,2021-08-02,10.0,11.0,13.0,9.0,9.0,7.0
822,2021-08-03,8.0,7.0,5.0,11.0,9.0,6.0
823,2021-08-04,8.0,11.0,8.0,8.0,6.0,5.0
824,2021-08-05,11.0,8.0,13.0,8.0,9.0,7.0
825,2021-08-06,7.0,12.0,8.0,13.0,10.0,7.0
826,2021-08-07,11.0,7.0,14.0,9.0,13.0,4.0
827,2021-08-08,9.0,8.0,5.0,1.0,7.0,2.0
828,2021-08-09,15.0,12.0,9.0,8.0,10.0,4.0
829,2021-08-10,17.0,11.0,11.0,13.0,10.0,10.0
830,2021-08-11,6.0,12.0,9.0,13.0,15.0,8.0
831,2021-08-12,7.0,10.0,11.0,10.0,6.0,7.0
832,2021-08-13,7.0,4.0,12.0,16.0,13.0,4.0
833,2021-08-14,8.0,11.0,14.0,7.0,8.0,5.0
834,2021-08-15,9.0,3.0,6.0,8.0,14.0,6.0
835,2021-08-16,10.0,10.0,9.0,13.0,9.0,4.0
836,2021-08-17,8.0,7.0,8.0,5.0,11.0,6.0
837,2021-08-18,8.0,12.0,8.0,8.0,3.0,5.0
838,2021-08-19,8.0,4.0,10.0,11.0,11.0,6.0
839,2021-08-20,5.0,12.0,4.0,6.0,7.0,5.0
840,2021-08-21,11.0,8.0,10.0,6.0,9.0,6.0
841,2021-08-22,10.0,13.0,9.0,7.0,7.0,6.0
842,2021-08-23,16.0,8.0,5.0,6.0,6.0,5.0
843,2021-08-24,4.0,12.0,7.0,6.0,4.0,5.0
844,2021-08-25,7.0,10.0,11.0,9.0,8.0,5.0
845,2021-08-26,10.0,9.0,8.0,15.0,10.0,6.0
846,2021-08-27,10.0,11.0,6.0,6.0,8.0,8.0
847,2021-08-28,12.0,8.0,7.0,8.0,7.0,3.0
848,2021-08-29,10.0,12.0,11.0,6.0,7.0,4.0
849,2021-08-30,20.0,8.0,5.0,9.0,8.0,8.0
850,2021-08-31,14.0,7.0,5.0,8.0,7.0,5.0
851,2021-09-01,14.0,11.0,11.0,7.0,13.0,14.0
852,2021-09-02,11.0,4.0,9.0,8.0,8.0,4.0
853,2021-09-03,9.0,10.0,6.0,7.0,6.0,7.0
854,2021-09-04,8.0,12.0,11.0,7.0,10.0,7.0
855,2021-09-05,11.0,10.0,3.0,14.0,10.0,5.0
856,2021-09-06,10.0,9.0,7.0,12.0,10.0,7.0
857,2021-09-07,7.0,9.0,5.0,10.0,6.0,13.0
858,2021-09-08,14.0,8.0,7.0,7.0,6.0,6.0
859,2021-09-09,8.0,7.0,7.0,10.0,8.0,4.0
860,2021-09-10,6.0,9.0,10.0,11.0,10.0,9.0
861,2021-09-11,9.0,3.0,7.0,7.0,8.0,8.0
862,2021-09-12,9.0,13.0,10.0,5.0,15.0,9.0
863,2021-09-13,8.0,15.0,12.0,12.0,7.0,11.0
864,2021-09-14,10.0,5.0,9.0,9.0,6.0,7.0
865,2021-09-15,10.0,12.0,13.0,8.0,11.0,11.0
866,2021-09-16,14.0,8.0,7.0,12.0,9.0,4.0
867,2021-09-17,6.0,12.0,8.0,13.0,9.0,5.0
868,2021-09-18,8.0,7.0,12.0,6.0,6.0,10.0
869,2021-09-19,7.0,13.0,9.0,9.0,7.0,6.0
870,2021-09-20,18.0,9.0,7.0,5.0,12.0,5.0
871,2021-09-21,16.0,13.0,7.0,11.0,4.0,8.0
872,2021-09-22,14.0,8.0,10.0,5.0,14.0,9.0
873,2021-09-23,7.0,8.0,7.0,8.0,12.0,9.0
874,2021-09-24,8.0,7.0,9.0,12.0,10.0,4.0
875,2021-09-25,11.0,13.0,11.0,11.0,8.0,14.0
876,2021-09-26,12.0,7.0,3.0,9.0,10.0,8.0
877,2021-09-27,12.0,11.0,14.0,9.0,10.0,10.0
878,2021-09-28,13.0,9.0,6.0,7.0,9.0,11.0
879,2021-09-29,9.0,5.0,13.0,5.0,11.0,5.0
880,2021-09-30,9.0,15.0,5.0,7.0,13.0,7.0
881,2021-10-01,8.0,11.0,4.0,6.0,9.0,5.0
882,2021-10-02,7.0,7.0,10.0,10.0,10.0,12.0
883,2021-10-03,7.0,4.0,9.0,11.0,9.0,7.0
884,2021-10-04,16.0,12.0,9.0,10.0,12.0,9.0
885,2021-10-05,11.0,8.0,4.0,8.0,7.0,8.0
886,2021-10-06,12.0,11.0,11.0,14.0,11.0,7.0
887,2021-10-07,11.0,4.0,13.0,7.0,12.0,8.0
888,2021-10-08,9.0,10.0,5.0,8.0,15.0,5.0
889,2021-10-09,8.0,11.0,9.0,7.0,7.0,6.0
890,2021-10-10,8.0,11.0,10.0,12.0,14.0,6.0
891,2021-10-11,10.0,13.0,14.0,13.0,9.0,10.0
892,2021-10-12,12.0,8.0,10.0,9.0,13.0,5.0
893,2021-10-13,10.0,7.0,9.0,17.0,11.0,9.0
894,2021-10-14,11.0,4.0,7.0,14.0,13.0,5.0
895,2021-10-15,9.0,11.0,8.0,11.0,9.0,10.0
896,2021-10-16,11.0,9.0,8.0,11.0,10.0,8.0
897,2021-10-17,4.0,9.0,13.0,13.0,12.0,17.0
898,2021-10-18,14.0,9.0,8.0,9.0,11.0,7.0
899,2021-10-19,6.0,6.0,17.0,11.0,9.0,3.0
900,2021-10-20,13.0,5.0,5.0,10.0,8.0,15.0
901,2021-10-21,13.0,10.0,12.0,10.0,4.0,3.0
902,2021-10-22,11.0,6.0,14.0,9.0,8.0,10.0
903,2021-10-23,11.0,7.0,8.0,8.0,12.0,4.0
904,2021-10-24,7.0,15.0,7.0,16.0,15.0,6.0
905,2021-10-25,7.0,12.0,12.0,10.0,12.0,12.0
906,2021-10-26,17.0,12.0,11.0,16.0,16.0,14.0
907,2021-10-27,9.0,14.0,10.0,9.0,13.0,5.0
908,2021-10-28,9.0,9.0,9.0,9.0,6.0,6.0
909,2021-10-29,13.0,13.0,12.0,13.0,9.0,7.0
910,2021-10-30,13.0,7.0,10.0,15.0,13.0,7.0
911,2021-10-31,9.0,10.0,7.0,14.0,12.0,10.0
912,2021-11-01,9.0,12.0,8.0,12.0,10.0,7.0
913,2021-11-02,11.0,7.0,16.0,7.0,14.0,8.0
914,2021-11-03,14.0,8.0,11.0,15.0,11.0,6.0
915,2021-11-04,13.0,10.0,12.0,10.0,6.0,9.0
916,2021-11-05,13.0,13.0,8.0,12.0,13.0,6.0
917,2021-11-06,16.0,11.0,13.0,11.0,9.0,5.0
918,2021-11-07,11.0,8.0,10.0,10.0,13.0,11.0
919,2021-11-08,10.0,14.0,10.0,13.0,15.0,17.0
920,2021-11-09,12.0,10.0,10.0,4.0,13.0,10.0
921,2021-11-10,5.0,6.0,18.0,8.0,7.0,6.0
922,2021-11-11,6.0,7.0,11.0,5.0,13.0,12.0
923,2021-11-12,14.0,7.0,8.0,8.0,8.0,7.0
924,2021-11-13,6.0,5.0,12.0,7.0,13.0,7.0
925,2021-11-14,18.0,11.0,11.0,10.0,11.0,5.0
926,2021-11-15,19.0,10.0,8.0,12.0,13.0,7.0
927,2021-11-16,18.0,10.0,10.0,9.0,14.0,7.0
928,2021-11-17,7.0,14.0,12.0,9.0,11.0,3.0
929,2021-11-18,10.0,13.0,9.0,21.0,10.0,8.0
930,2021-11-19,3.0,12.0,9.0,8.0,6.0,12.0
931,2021-11-20,12.0,12.0,10.0,11.0,10.0,8.0
932,2021-11-21,8.0,16.0,10.0,13.0,13.0,8.0
933,2021-11-22,5.0,13.0,10.0,17.0,9.0,11.0
934,2021-11-23,15.0,8.0,12.0,9.0,9.0,11.0
935,2021-11-24,11.0,6.0,5.0,20.0,6.0,9.0
936,2021-11-25,12.0,13.0,7.0,10.0,12.0,5.0
937,2021-11-26,9.0,18.0,8.0,7.0,8.0,15.0
938,2021-11-27,5.0,10.0,11.0,19.0,9.0,14.0
939,2021-11-28,15.0,13.0,8.0,15.0,11.0,5.0
940,2021-11-29,16.0,16.0,6.0,7.0,6.0,14.0
941,2021-11-30,22.0,16.0,5.0,12.0,8.0,13.0
942,2021-12-01,9.0,7.0,9.0,12.0,11.0,10.0
943,2021-12-02,10.0,13.0,7.0,6.0,8.0,1.0
944,2021-12-03,12.0,6.0,8.0,15.0,7.0,6.0
945,2021-12-04,12.0,8.0,7.0,10.0,14.0,6.0
946,2021-12-05,14.0,14.0,8.0,11.0,10.0,5.0
947,2021-12-06,10.0,11.0,10.0,12.0,13.0,8.0
948,2021-12-07,9.0,15.0,10.0,9.0,14.0,9.0
949,2021-12-08,10.0,3.0,7.0,12.0,5.0,7.0
950,2021-12-09,16.0,11.0,9.0,8.0,13.0,6.0
951,2021-12-10,10.0,8.0,9.0,7.0,12.0,8.0
952,2021-12-11,15.0,6.0,11.0,12.0,13.0,8.0
953,2021-12-12,9.0,11.0,6.0,13.0,5.0,6.0
954,2021-12-13,12.0,7.0,8.0,10.0,7.0,6.0
955,2021-12-14,10.0,7.0,8.0,15.0,14.0,13.0
956,2021-12-15,18.0,11.0,16.0,14.0,14.0,8.0
957,2021-12-16,12.0,7.0,11.0,10.0,5.0,10.0
958,2021-12-17,10.0,10.0,15.0,6.0,18.0,7.0
959,2021-12-18,8.0,6.0,16.0,4.0,9.0,12.0
960,2021-12-19,10.0,6.0,12.0,9.0,10.0,11.0
961,2021-12-20,12.0,12.0,8.0,10.0,10.0,8.0
962,2021-12-21,16.0,12.0,11.0,15.0,10.0,10.0
963,2021-12-22,14.0,11.0,14.0,10.0,7.0,9.0
964,2021-12-23,11.0,12.0,15.0,13.0,8.0,18.0
965,2021-12-24,14.0,11.0,14.0,14.0,10.0,8.0
966,2021-12-25,10.0,19.0,13.0,13.0,9.0,11.0
967,2021-12-26,9.0,4.0,19.0,10.0,13.0,13.0
968,2021-12-27,13.0,14.0,10.0,10.0,9.0,4.0
969,2021-12-28,13.0,6.0,14.0,18.0,10.0,7.0
970,2021-12-29,10.0,10.0,11.0,12.0,13.0,9.0
971,2021-12-30,14.0,7.0,11.0,12.0,12.0,7.0
972,2021-12-31,9.0,10.0,13.0,8.0,8.0,6.0
973,2022-01-01,5.0,10.0,12.0,9.0,16.0,8.0
974,2022-01-02,16.0,10.0,11.0,11.0,16.0,12.0
975,2022-01-03,14.0,11.0,8.0,10.0,12.0,10.0
976,2022-01-04,14.0,12.0,16.0,6.0,10.0,11.0
977,2022-01-05,16.0,13.0,16.0,16.0,12.0,12.0
978,2022-01-06,8.0,10.0,14.0,9.0,6.0,3.0
979,2022-01-07,14.0,13.0,14.0,14.0,17.0,8.0
980,2022-01-08,17.0,15.0,13.0,11.0,15.0,6.0
981,2022-01-09,17.0,9.0,7.0,6.0,12.0,11.0
982,2022-01-10,20.0,14.0,12.0,5.0,14.0,8.0
983,2022-01-11,10.0,9.0,19.0,10.0,5.0,12.0
984,2022-01-12,18.0,13.0,8.0,8.0,8.0,7.0
985,2022-01-13,20.0,12.0,18.0,13.0,13.0,9.0
986,2022-01-14,14.0,14.0,20.0,11.0,7.0,9.0
987,2022-01-15,12.0,9.0,11.0,15.0,5.0,10.0
988,2022-01-16,9.0,8.0,12.0,13.0,8.0,8.0
989,2022-01-17,9.0,10.0,10.0,13.0,15.0,5.0
990,2022-01-18,21.0,13.0,10.0,10.0,9.0,5.0
991,2022-01-19,14.0,9.0,18.0,11.0,10.0,6.0
992,2022-01-20,6.0,12.0,11.0,6.0,14.0,10.0
993,2022-01-21,12.0,8.0,11.0,9.0,12.0,7.0
994,2022-01-22,17.0,10.0,12.0,7.0,13.0,10.0
995,2022-01-23,9.0,7.0,11.0,12.0,11.0,11.0
996,2022-01-24,16.0,12.0,9.0,10.0,5.0,9.0
997,2022-01-25,8.0,13.0,16.0,9.0,9.0,9.0
998,2022-01-26,10.0,12.0,10.0,14.0,14.0,6.0
999,2022-01-27,7.0,7.0,13.0,15.0,9.0,9.0
1000,2022-01-28,12.0,6.0,19.0,16.0,14.0,8.0
1001,2022-01-29,11.0,8.0,6.0,15.0,13.0,10.0
1002,2022-01-30,12.0,17.0,9.0,9.0,10.0,13.0
1003,2022-01-31,11.0,13.0,10.0,14.0,11.0,6.0
1004,2022-02-01,14.0,15.0,8.0,5.0,10.0,8.0
1005,2022-02-02,13.0,14.0,10.0,6.0,14.0,10.0
1006,2022-02-03,12.0,10.0,16.0,14.0,12.0,10.0
1007,2022-02-04,12.0,10.0,10.0,12.0,14.0,8.0
1008,2022-02-05,10.0,16.0,13.0,12.0,12.0,11.0
1009,2022-02-06,14.0,9.0,18.0,15.0,11.0,9.0
1010,2022-02-07,17.0,6.0,12.0,8.0,13.0,9.0
1011,2022-02-08,13.0,15.0,9.0,4.0,14.0,9.0
1012,2022-02-09,15.0,13.0,9.0,13.0,15.0,12.0
1013,2022-02-10,14.0,13.0,14.0,14.0,8.0,7.0
1014,2022-02-11,17.0,9.0,12.0,9.0,8.0,9.0
1015,2022-02-12,10.0,15.0,6.0,10.0,12.0,9.0
1016,2022-02-13,7.0,10.0,5.0,16.0,7.0,11.0
1017,2022-02-14,16.0,11.0,15.0,16.0,13.0,8.0
1018,2022-02-15,11.0,9.0,16.0,8.0,9.0,11.0
1019,2022-02-16,16.0,20.0,13.0,8.0,6.0,12.0
1020,2022-02-17,13.0,18.0,9.0,7.0,18.0,10.0
1021,2022-02-18,10.0,12.0,11.0,13.0,13.0,8.0
1022,2022-02-19,12.0,10.0,8.0,11.0,6.0,17.0
1023,2022-02-20,12.0,10.0,17.0,13.0,17.0,13.0
1024,2022-02-21,12.0,20.0,12.0,14.0,14.0,5.0
1025,2022-02-22,7.0,20.0,8.0,10.0,8.0,8.0
1026,2022-02-23,17.0,19.0,6.0,12.0,15.0,6.0
1027,2022-02-24,13.0,10.0,18.0,16.0,6.0,9.0
1028,2022-02-25,15.0,9.0,8.0,8.0,10.0,10.0
1029,2022-02-26,13.0,9.0,13.0,10.0,11.0,5.0
1030,2022-02-27,17.0,13.0,14.0,11.0,10.0,14.0
1031,2022-02-28,16.0,17.0,15.0,15.0,13.0,9.0
1032,2022-03-01,12.0,8.0,11.0,18.0,14.0,12.0
1033,2022-03-02,6.0,11.0,9.0,16.0,13.0,8.0
1034,2022-03-03,13.0,13.0,13.0,13.0,13.0,11.0
1035,2022-03-04,10.0,9.0,14.0,13.0,14.0,10.0
1036,2022-03-05,19.0,14.0,12.0,11.0,7.0,7.0
1037,2022-03-06,8.0,12.0,11.0,12.0,12.0,14.0
1038,2022-03-07,12.0,7.0,12.0,11.0,9.0,10.0
1039,2022-03-08,20.0,8.0,14.0,6.0,16.0,11.0
1040,2022-03-09,12.0,11.0,14.0,10.0,10.0,11.0
1041,2022-03-10,15.0,9.0,13.0,9.0,17.0,9.0
1042,2022-03-11,13.0,14.0,15.0,13.0,15.0,8.0
1043,2022-03-12,14.0,16.0,13.0,14.0,18.0,10.0
1044,2022-03-13,14.0,8.0,10.0,8.0,15.0,10.0
1045,2022-03-14,22.0,10.0,10.0,14.0,13.0,13.0
1046,2022-03-15,9.0,10.0,16.0,13.0,8.0,10.0
1047,2022-03-16,11.0,16.0,16.0,10.0,11.0,7.0
1048,2022-03-17,15.0,15.0,9.0,9.0,12.0,10.0
1049,2022-03-18,12.0,14.0,14.0,13.0,9.0,6.0
1050,2022-03-19,11.0,9.0,15.0,5.0,15.0,10.0
1051,2022-03-20,17.0,9.0,11.0,14.0,19.0,9.0
1052,2022-03-21,16.0,14.0,12.0,15.0,12.0,9.0
1053,2022-03-22,17.0,14.0,9.0,11.0,15.0,11.0
1054,2022-03-23,16.0,10.0,19.0,11.0,8.0,12.0
1055,2022-03-24,10.0,11.0,13.0,8.0,9.0,7.0
1056,2022-03-25,16.0,16.0,13.0,12.0,20.0,7.0
1057,2022-03-26,9.0,11.0,12.0,12.0,15.0,6.0
1058,2022-03-27,18.0,11.0,14.0,16.0,8.0,10.0
1059,2022-03-28,19.0,14.0,12.0,9.0,10.0,9.0
1060,2022-03-29,14.0,9.0,11.0,12.0,17.0,5.0
1061,2022-03-30,16.0,9.0,19.0,14.0,17.0,7.0
1062,2022-03-31,11.0,13.0,19.0,13.0,18.0,15.0
1063,2022-04-01,17.0,13.0,12.0,10.0,12.0,18.0
1064,2022-04-02,16.0,6.0,12.0,14.0,16.0,11.0
1065,2022-04-03,14.0,14.0,17.0,8.0,14.0,11.0
1066,2022-04-04,8.0,7.0,13.0,13.0,14.0,9.0
1067,2022-04-05,15.0,15.0,12.0,17.0,10.0,13.0
1068,2022-04-06,11.0,8.0,15.0,17.0,8.0,12.0
1069,2022-04-07,13.0,10.0,11.0,11.0,8.0,11.0
1070,2022-04-08,15.0,16.0,11.0,15.0,15.0,10.0
1071,2022-04-09,18.0,9.0,18.0,16.0,13.0,9.0
1072,2022-04-10,20.0,10.0,8.0,15.0,18.0,8.0
1073,2022-04-11,15.0,12.0,15.0,10.0,13.0,16.0
1074,2022-04-12,12.0,15.0,11.0,6.0,9.0,11.0
1075,2022-04-13,12.0,7.0,13.0,11.0,13.0,15.0
1076,2022-04-14,11.0,17.0,12.0,14.0,18.0,8.0
1077,2022-04-15,14.0,13.0,12.0,13.0,12.0,10.0
1078,2022-04-16,17.0,15.0,10.0,14.0,13.0,16.0
1079,2022-04-17,14.0,9.0,11.0,15.0,15.0,11.0
1080,2022-04-18,15.0,11.0,15.0,13.0,10.0,6.0
1081,2022-04-19,13.0,16.0,14.0,13.0,11.0,10.0
1082,2022-04-20,11.0,11.0,17.0,10.0,10.0,12.0
1083,2022-04-21,12.0,15.0,16.0,16.0,16.0,11.0
1084,2022-04-22,16.0,11.0,11.0,12.0,12.0,11.0
1085,2022-04-23,17.0,14.0,7.0,8.0,10.0,10.0
1086,2022-04-24,14.0,11.0,15.0,10.0,15.0,12.0
1087,2022-04-25,18.0,16.0,18.0,8.0,12.0,7.0
1088,2022-04-26,15.0,8.0,10.0,10.0,22.0,13.0
1089,2022-04-27,10.0,12.0,16.0,4.0,8.0,8.0
1090,2022-04-28,22.0,17.0,21.0,13.0,10.0,10.0
1091,2022-04-29,15.0,15.0,12.0,16.0,20.0,10.0
1092,2022-04-30,12.0,8.0,16.0,13.0,13.0,10.0
1093,2022-05-01,17.0,15.0,7.0,12.0,20.0,10.0
1094,2022-05-02,20.0,10.0,13.0,11.0,14.0,8.0
1095,2022-05-03,14.0,12.0,17.0,13.0,18.0,7.0
1096,2022-05-04,19.0,14.0,9.0,18.0,16.0,14.0
1097,2022-05-05,11.0,14.0,18.0,12.0,24.0,8.0
1098,2022-05-06,19.0,22.0,6.0,18.0,13.0,11.0
1099,2022-05-07,12.0,15.0,19.0,16.0,14.0,11.0
1100,2022-05-08,17.0,21.0,17.0,15.0,16.0,15.0
1101,2022-05-09,18.0,18.0,10.0,13.0,11.0,11.0
1102,2022-05-10,14.0,13.0,15.0,15.0,15.0,11.0
1103,2022-05-11,11.0,13.0,15.0,12.0,17.0,13.0
1104,2022-05-12,18.0,10.0,23.0,11.0,15.0,11.0
1105,2022-05-13,18.0,24.0,10.0,17.0,14.0,10.0
1106,2022-05-14,11.0,8.0,11.0,17.0,10.0,9.0
1107,2022-05-15,12.0,12.0,15.0,10.0,6.0,12.0
1108,2022-05-16,11.0,14.0,11.0,13.0,18.0,10.0
1109,2022-05-17,13.0,19.0,11.0,15.0,11.0,11.0
1110,2022-05-18,13.0,11.0,11.0,14.0,16.0,14.0
1111,2022-05-19,17.0,12.0,10.0,13.0,13.0,9.0
1112,2022-05-20,12.0,18.0,14.0,9.0,16.0,9.0
1113,2022-05-21,15.0,10.0,17.0,13.0,11.0,9.0
1114,2022-05-22,15.0,12.0,8.0,13.0,23.0,5.0
1115,2022-05-23,12.0,12.0,17.0,14.0,17.0,9.0
1116,2022-05-24,21.0,16.0,9.0,18.0,23.0,14.0
1117,2022-05-25,12.0,14.0,12.0,19.0,18.0,12.0
1118,2022-05-26,27.0,10.0,11.0,13.0,20.0,9.0
1119,2022-05-27,9.0,11.0,13.0,10.0,17.0,11.0
1120,2022-05-28,16.0,13.0,12.0,10.0,8.0,8.0
1121,2022-05-29,23.0,10.0,8.0,14.0,16.0,3.0
1122,2022-05-30,12.0,17.0,10.0,22.0,7.0,12.0
1123,2022-05-31,14.0,14.0,21.0,11.0,13.0,10.0
1124,2022-06-01,28.0,10.0,11.0,18.0,10.0,7.0
1125,2022-06-02,15.0,14.0,14.0,12.0,13.0,9.0
1126,2022-06-03,18.0,17.0,9.0,10.0,12.0,11.0
1127,2022-06-04,18.0,13.0,19.0,13.0,14.0,10.0
1128,2022-06-05,17.0,17.0,14.0,16.0,12.0,13.0
1129,2022-06-06,19.0,10.0,15.0,16.0,17.0,13.0
1130,2022-06-07,13.0,25.0,9.0,13.0,24.0,9.0
1131,2022-06-08,19.0,14.0,6.0,18.0,14.0,15.0
1132,2022-06-09,17.0,20.0,12.0,16.0,15.0,13.0
1133,2022-06-10,11.0,14.0,16.0,14.0,20.0,9.0
1134,2022-06-11,19.0,15.0,12.0,14.0,14.0,7.0
1135,2022-06-12,21.0,14.0,17.0,10.0,19.0,8.0
1136,2022-06-13,15.0,9.0,10.0,9.0,13.0,13.0
1137,2022-06-14,17.0,10.0,11.0,12.0,17.0,10.0
1138,2022-06-15,10.0,15.0,19.0,18.0,14.0,9.0
1139,2022-06-16,7.0,21.0,11.0,20.0,16.0,5.0
1140,2022-06-17,14.0,16.0,12.0,18.0,18.0,13.0
1141,2022-06-18,17.0,20.0,15.0,16.0,11.0,7.0
1142,2022-06-19,17.0,16.0,17.0,16.0,7.0,17.0
1143,2022-06-20,14.0,16.0,11.0,14.0,12.0,12.0
1144,2022-06-21,21.0,19.0,11.0,8.0,11.0,16.0
1145,2022-06-22,17.0,15.0,8.0,16.0,18.0,9.0
1146,2022-06-23,24.0,17.0,10.0,9.0,11.0,9.0
1147,2022-06-24,16.0,15.0,17.0,10.0,9.0,15.0
1148,2022-06-25,16.0,14.0,18.0,20.0,21.0,10.0
1149,2022-06-26,10.0,8.0,17.0,9.0,12.0,19.0
1150,2022-06-27,15.0,9.0,18.0,15.0,17.0,15.0
1151,2022-06-28,15.0,16.0,18.0,7.0,14.0,7.0
1152,2022-06-29,18.0,8.0,22.0,9.0,12.0,11.0
1153,2022-06-30,21.0,15.0,15.0,16.0,8.0,14.0
1154,2022-07-01,18.0,12.0,13.0,12.0,15.0,17.0
1155,2022-07-02,15.0,10.0,13.0,11.0,23.0,12.0
1156,2022-07-03,29.0,17.0,17.0,8.0,13.0,12.0
1157,2022-07-04,16.0,13.0,11.0,11.0,9.0,12.0
1158,2022-07-05,24.0,10.0,13.0,21.0,20.0,16.0
1159,2022-07-06,18.0,11.0,14.0,11.0,14.0,11.0
1160,2022-07-07,20.0,17.0,22.0,11.0,21.0,14.0
1161,2022-07-08,16.0,19.0,14.0,11.0,10.0,7.0
1162,2022-07-09,15.0,12.0,16.0,11.0,13.0,14.0
1163,2022-07-10,23.0,12.0,12.0,19.0,13.0,11.0
1164,2022-07-11,26.0,21.0,19.0,17.0,15.0,10.0
1165,2022-07-12,14.0,19.0,15.0,20.0,20.0,5.0
1166,2022-07-13,17.0,11.0,14.0,17.0,13.0,10.0
1167,2022-07-14,11.0,12.0,16.0,21.0,28.0,7.0
1168,2022-07-15,14.0,14.0,18.0,19.0,11.0,12.0
1169,2022-07-16,19.0,17.0,9.0,18.0,12.0,13.0
1170,2022-07-17,18.0,8.0,17.0,12.0,19.0,12.0
1171,2022-07-18,17.0,11.0,11.0,20.0,15.0,8.0
1172,2022-07-19,15.0,11.0,11.0,16.0,14.0,14.0
1173,2022-07-20,14.0,15.0,9.0,18.0,13.0,19.0
1174,2022-07-21,15.0,10.0,19.0,27.0,19.0,21.0
1175,2022-07-22,11.0,18.0,18.0,17.0,10.0,14.0
1176,2022-07-23,17.0,19.0,16.0,10.0,18.0,11.0
1177,2022-07-24,21.0,13.0,11.0,18.0,12.0,13.0
1178,2022-07-25,18.0,21.0,18.0,18.0,12.0,17.0
1179,2022-07-26,19.0,17.0,16.0,17.0,20.0,15.0
1180,2022-07-27,16.0,11.0,19.0,18.0,16.0,20.0
1181,2022-07-28,16.0,14.0,10.0,15.0,6.0,12.0
1182,2022-07-29,19.0,19.0,14.0,18.0,20.0,8.0
1183,2022-07-30,17.0,16.0,17.0,13.0,19.0,10.0
1184,2022-07-31,14.0,8.0,14.0,12.0,18.0,13.0
1185,2022-08-01,21.0,14.0,17.0,23.0,20.0,7.0
1186,2022-08-02,9.0,19.0,17.0,14.0,14.0,3.0
1187,2022-08-03,20.0,10.0,12.0,15.0,12.0,17.0
1188,2022-08-04,9.0,22.0,16.0,13.0,12.0,14.0
1189,2022-08-05,14.0,15.0,10.0,13.0,13.0,19.0
1190,2022-08-06,12.0,13.0,19.0,10.0,14.0,12.0
1191,2022-08-07,9.0,25.0,14.0,10.0,17.0,16.0
1192,2022-08-08,22.0,17.0,16.0,17.0,19.0,12.0
1193,2022-08-09,25.0,10.0,9.0,20.0,19.0,16.0
1194,2022-08-10,20.0,18.0,13.0,16.0,10.0,16.0
1195,2022-08-11,18.0,12.0,16.0,20.0,12.0,12.0
1196,2022-08-12,16.0,16.0,14.0,13.0,19.0,9.0
1197,2022-08-13,14.0,22.0,14.0,22.0,11.0,12.0
1198,2022-08-14,16.0,11.0,9.0,12.0,18.0,13.0
1199,2022-08-15,15.0,17.0,14.0,13.0,15.0,11.0
1200,2022-08-16,16.0,13.0,14.0,15.0,18.0,7.0
1201,2022-08-17,17.0,13.0,12.0,12.0,12.0,11.0
1202,2022-08-18,16.0,13.0,12.0,18.0,10.0,11.0
1203,2022-08-19,13.0,13.0,19.0,17.0,9.0,16.0
1204,2022-08-20,25.0,12.0,15.0,27.0,21.0,10.0
1205,2022-08-21,20.0,21.0,16.0,11.0,17.0,15.0
1206,2022-08-22,17.0,20.0,22.0,15.0,12.0,11.0
1207,2022-08-23,15.0,15.0,16.0,19.0,17.0,11.0
1208,2022-08-24,16.0,24.0,15.0,15.0,16.0,15.0
1209,2022-08-25,17.0,13.0,12.0,19.0,10.0,17.0
1210,2022-08-26,12.0,12.0,11.0,15.0,10.0,9.0
1211,2022-08-27,14.0,14.0,20.0,14.0,14.0,16.0
1212,2022-08-28,20.0,17.0,12.0,17.0,24.0,9.0
1213,2022-08-29,15.0,15.0,11.0,19.0,15.0,17.0
1214,2022-08-30,16.0,13.0,17.0,21.0,13.0,15.0
1215,2022-08-31,20.0,16.0,13.0,19.0,15.0,16.0
1216,2022-09-01,16.0,14.0,12.0,22.0,16.0,7.0
1217,2022-09-02,19.0,17.0,12.0,19.0,18.0,13.0
1218,2022-09-03,20.0,17.0,23.0,18.0,18.0,13.0
1219,2022-09-04,18.0,8.0,17.0,11.0,18.0,21.0
1220,2022-09-05,14.0,13.0,18.0,18.0,17.0,13.0
1221,2022-09-06,18.0,15.0,8.0,12.0,19.0,7.0
1222,2022-09-07,15.0,14.0,19.0,23.0,16.0,15.0
1223,2022-09-08,22.0,15.0,15.0,14.0,15.0,13.0
1224,2022-09-09,13.0,24.0,20.0,14.0,13.0,11.0
1225,2022-09-10,21.0,11.0,14.0,14.0,14.0,12.0
1226,2022-09-11,25.0,14.0,9.0,20.0,19.0,11.0
1227,2022-09-12,21.0,16.0,17.0,11.0,14.0,17.0
1228,2022-09-13,25.0,15.0,14.0,15.0,12.0,14.0
1229,2022-09-14,17.0,18.0,15.0,18.0,15.0,16.0
1230,2022-09-15,12.0,17.0,18.0,16.0,15.0,10.0
1231,2022-09-16,15.0,15.0,15.0,19.0,10.0,9.0
1232,2022-09-17,16.0,20.0,13.0,25.0,12.0,13.0
1233,2022-09-18,16.0,22.0,13.0,23.0,23.0,14.0
1234,2022-09-19,17.0,12.0,20.0,16.0,17.0,12.0
1235,2022-09-20,10.0,18.0,18.0,15.0,15.0,16.0
1236,2022-09-21,20.0,12.0,19.0,18.0,19.0,14.0
1237,2022-09-22,24.0,13.0,20.0,18.0,16.0,8.0
1238,2022-09-23,18.0,20.0,13.0,17.0,21.0,8.0
1239,2022-09-24,18.0,9.0,13.0,19.0,16.0,16.0
1240,2022-09-25,19.0,18.0,16.0,17.0,19.0,13.0
1241,2022-09-26,15.0,13.0,16.0,9.0,15.0,18.0
1242,2022-09-27,17.0,17.0,12.0,19.0,22.0,12.0
1243,2022-09-28,23.0,19.0,20.0,8.0,15.0,14.0
1244,2022-09-29,17.0,14.0,20.0,16.0,13.0,15.0
1245,2022-09-30,19.0,17.0,21.0,18.0,12.0,12.0
1246,2022-10-01,22.0,20.0,18.0,22.0,16.0,12.0
1247,2022-10-02,19.0,21.0,15.0,10.0,17.0,7.0
1248,2022-10-03,18.0,17.0,18.0,14.0,9.0,19.0
1249,2022-10-04,21.0,10.0,17.0,13.0,17.0,14.0
1250,2022-10-05,14.0,21.0,15.0,14.0,26.0,14.0
1251,2022-10-06,27.0,19.0,24.0,19.0,14.0,9.0
1252,2022-10-07,20.0,13.0,10.0,13.0,13.0,14.0
1253,2022-10-08,23.0,9.0,22.0,16.0,19.0,11.0
1254,2022-10-09,14.0,26.0,19.0,17.0,14.0,11.0
1255,2022-10-10,16.0,19.0,15.0,17.0,23.0,11.0
1256,2022-10-11,17.0,15.0,13.0,12.0,26.0,10.0
1257,2022-10-12,14.0,21.0,20.0,15.0,18.0,10.0
1258,2022-10-13,18.0,19.0,22.0,25.0,24.0,16.0
1259,2022-10-14,22.0,21.0,12.0,17.0,17.0,15.0
1260,2022-10-15,16.0,15.0,14.0,16.0,19.0,23.0
1261,2022-10-16,20.0,21.0,14.0,21.0,18.0,8.0
1262,2022-10-17,15.0,20.0,21.0,15.0,15.0,15.0
1263,2022-10-18,22.0,14.0,20.0,23.0,13.0,20.0
1264,2022-10-19,17.0,18.0,27.0,18.0,22.0,23.0
1265,2022-10-20,19.0,21.0,21.0,23.0,13.0,8.0
1266,2022-10-21,15.0,27.0,13.0,16.0,17.0,13.0
1267,2022-10-22,22.0,20.0,22.0,20.0,16.0,13.0
1268,2022-10-23,15.0,23.0,12.0,15.0,18.0,9.0
1269,2022-10-24,21.0,16.0,23.0,14.0,16.0,14.0
1270,2022-10-25,17.0,16.0,19.0,19.0,21.0,9.0
1271,2022-10-26,12.0,25.0,13.0,14.0,18.0,8.0
1272,2022-10-27,27.0,20.0,20.0,14.0,18.0,14.0
1273,2022-10-28,15.0,13.0,18.0,21.0,15.0,11.0
1274,2022-10-29,12.0,17.0,22.0,15.0,19.0,9.0
1275,2022-10-30,16.0,21.0,13.0,16.0,14.0,22.0
1276,2022-10-31,20.0,24.0,19.0,22.0,15.0,16.0
1277,2022-11-01,18.0,20.0,22.0,19.0,20.0,19.0
1278,2022-11-02,16.0,14.0,21.0,16.0,24.0,12.0
1279,2022-11-03,19.0,28.0,17.0,17.0,14.0,12.0
1280,2022-11-04,17.0,22.0,16.0,21.0,19.0,22.0
1281,2022-11-05,18.0,16.0,9.0,16.0,17.0,12.0
1282,2022-11-06,19.0,15.0,19.0,18.0,16.0,12.0
1283,2022-11-07,21.0,19.0,16.0,9.0,19.0,10.0
1284,2022-11-08,19.0,16.0,23.0,25.0,18.0,18.0
1285,2022-11-09,15.0,23.0,10.0,25.0,16.0,14.0
1286,2022-11-10,23.0,20.0,17.0,16.0,18.0,16.0
1287,2022-11-11,17.0,20.0,21.0,13.0,15.0,16.0
1288,2022-11-12,22.0,13.0,13.0,18.0,20.0,8.0
1289,2022-11-13,18.0,27.0,25.0,16.0,16.0,23.0
1290,2022-11-14,27.0,16.0,16.0,18.0,17.0,11.0
1291,2022-11-15,14.0,27.0,15.0,15.0,14.0,22.0
1292,2022-11-16,13.0,12.0,20.0,18.0,17.0,12.0
1293,2022-11-17,14.0,19.0,21.0,19.0,21.0,10.0
1294,2022-11-18,15.0,13.0,19.0,16.0,26.0,11.0
1295,2022-11-19,20.0,12.0,18.0,12.0,29.0,19.0
1296,2022-11-20,22.0,18.0,19.0,27.0,24.0,11.0
1297,2022-11-21,27.0,15.0,16.0,15.0,10.0,19.0
1298,2022-11-22,13.0,31.0,14.0,19.0,19.0,13.0
1299,2022-11-23,19.0,20.0,13.0,19.0,16.0,16.0
1300,2022-11-24,17.0,28.0,16.0,14.0,19.0,14.0
1301,2022-11-25,26.0,20.0,23.0,12.0,21.0,8.0
1302,2022-11-26,15.0,25.0,15.0,21.0,15.0,15.0
1303,2022-11-27,22.0,17.0,21.0,20.0,22.0,17.0
1304,2022-11-28,22.0,12.0,21.0,27.0,17.0,15.0
1305,2022-11-29,15.0,17.0,15.0,16.0,13.0,18.0
1306,2022-11-30,14.0,16.0,19.0,24.0,23.0,15.0
1307,2022-12-01,16.0,17.0,13.0,16.0,27.0,13.0
1308,2022-12-02,19.0,20.0,24.0,17.0,14.0,14.0
1309,2022-12-03,19.0,16.0,13.0,17.0,18.0,17.0
1310,2022-12-04,23.0,15.0,21.0,14.0,17.0,7.0
1311,2022-12-05,24.0,18.0,22.0,21.0,18.0,19.0
1312,2022-12-06,28.0,14.0,28.0,19.0,17.0,12.0
1313,2022-12-07,22.0,24.0,11.0,15.0,21.0,23.0
1314,2022-12-08,24.0,17.0,23.0,22.0,16.0,17.0
1315,2022-12-09,25.0,18.0,18.0,25.0,23.0,13.0
1316,2022-12-10,24.0,14.0,26.0,18.0,21.0,9.0
1317,2022-12-11,25.0,15.0,20.0,19.0,24.0,17.0
1318,2022-12-12,21.0,18.0,20.0,23.0,18.0,14.0
1319,2022-12-13,14.0,25.0,20.0,20.0,19.0,16.0
1320,2022-12-14,29.0,15.0,19.0,19.0,13.0,15.0
1321,2022-12-15,20.0,17.0,27.0,19.0,19.0,21.0
1322,2022-12-16,24.0,11.0,18.0,13.0,22.0,11.0
1323,2022-12-17,22.0,24.0,22.0,17.0,26.0,27.0
1324,2022-12-18,19.0,18.0,27.0,16.0,17.0,19.0
1325,2022-12-19,15.0,23.0,17.0,22.0,18.0,17.0
1326,2022-12-20,26.0,28.0,18.0,21.0,31.0,10.0
1327,2022-12-21,20.0,22.0,14.0,19.0,19.0,14.0
1328,2022-12-22,16.0,23.0,14.0,20.0,18.0,15.0
1329,2022-12-23,33.0,19.0,23.0,17.0,19.0,14.0
1330,2022-12-24,26.0,9.0,13.0,24.0,26.0,22.0
1331,2022-12-25,19.0,26.0,22.0,17.0,15.0,9.0
1332,2022-12-26,20.0,16.0,20.0,11.0,23.0,19.0
1333,2022-12-27,18.0,14.0,21.0,10.0,17.0,15.0
1334,2022-12-28,22.0,19.0,22.0,26.0,26.0,20.0
1335,2022-12-29,24.0,19.0,23.0,16.0,12.0,15.0
1336,2022-12-30,19.0,21.0,14.0,21.0,17.0,17.0
1337,2022-12-31,24.0,17.0,21.0,18.0,20.0,16.0
1338,2023-01-01,28.0,12.0,18.0,26.0,18.0,15.0
1339,2023-01-02,12.0,20.0,20.0,18.0,16.0,22.0
1340,2023-01-03,18.0,19.0,10.0,22.0,23.0,14.0
1341,2023-01-04,25.0,18.0,28.0,24.0,26.0,23.0
1342,2023-01-05,34.0,22.0,19.0,18.0,21.0,18.0
1343,2023-01-06,20.0,27.0,22.0,25.0,18.0,19.0
1344,2023-01-07,22.0,27.0,15.0,20.0,17.0,12.0
1345,2023-01-08,23.0,18.0,15.0,19.0,14.0,12.0
1346,2023-01-09,25.0,28.0,15.0,12.0,30.0,21.0
1347,2023-01-10,23.0,20.0,14.0,16.0,26.0,13.0
1348,2023-01-11,26.0,17.0,19.0,26.0,21.0,23.0
1349,2023-01-12,25.0,31.0,19.0,16.0,20.0,17.0
1350,2023-01-13,34.0,20.0,17.0,18.0,22.0,11.0
1351,2023-01-14,22.0,21.0,22.0,10.0,18.0,15.0
1352,2023-01-15,17.0,17.0,23.0,19.0,24.0,20.0
1353,2023-01-16,29.0,11.0,19.0,20.0,25.0,20.0
1354,2023-01-17,26.0,22.0,36.0,20.0,13.0,21.0
1355,2023-01-18,19.0,19.0,17.0,27.0,13.0,13.0
1356,2023-01-19,22.0,27.0,19.0,19.0,22.0,18.0
1357,2023-01-20,24.0,22.0,15.0,27.0,26.0,15.0
1358,2023-01-21,17.0,19.0,23.0,16.0,19.0,17.0
1359,2023-01-22,24.0,30.0,21.0,20.0,17.0,16.0
1360,2023-01-23,31.0,19.0,23.0,23.0,22.0,20.0
1361,2023-01-24,26.0,17.0,22.0,23.0,19.0,17.0
1362,2023-01-25,16.0,18.0,18.0,32.0,14.0,13.0
1363,2023-01-26,15.0,24.0,20.0,20.0,13.0,15.0
1364,2023-01-27,20.0,25.0,14.0,23.0,19.0,21.0
1365,2023-01-28,28.0,18.0,20.0,17.0,26.0,12.0
1366,2023-01-29,25.0,25.0,34.0,22.0,16.0,22.0
1367,2023-01-30,27.0,18.0,23.0,27.0,17.0,12.0
1368,2023-01-31,25.0,16.0,22.0,22.0,15.0,19.0
1369,2023-02-01,21.0,21.0,15.0,23.0,20.0,18.0
1370,2023-02-02,24.0,19.0,22.0,16.0,26.0,21.0
1371,2023-02-03,23.0,19.0,18.0,21.0,22.0,23.0
1372,2023-02-04,30.0,24.0,19.0,17.0,17.0,22.0
1373,2023-02-05,22.0,20.0,25.0,13.0,12.0,20.0
1374,2023-02-06,22.0,24.0,19.0,22.0,19.0,17.0
1375,2023-02-07,24.0,12.0,22.0,19.0,18.0,18.0
1376,2023-02-08,23.0,24.0,16.0,15.0,25.0,20.0
1377,2023-02-09,22.0,20.0,25.0,26.0,26.0,21.0
1378,2023-02-10,23.0,23.0,22.0,26.0,14.0,16.0
1379,2023-02-11,21.0,23.0,35.0,18.0,24.0,13.0
1380,2023-02-12,23.0,23.0,20.0,12.0,17.0,20.0
1381,2023-02-13,26.0,25.0,17.0,23.0,17.0,22.0
1382,2023-02-14,15.0,22.0,20.0,25.0,15.0,12.0
1383,2023-02-15,18.0,15.0,27.0,20.0,19.0,16.0
1384,2023-02-16,25.0,19.0,19.0,19.0,16.0,14.0
1385,2023-02-17,30.0,22.0,20.0,22.0,23.0,15.0
1386,2023-02-18,35.0,24.0,27.0,27.0,21.0,13.0
1387,2023-02-19,27.0,25.0,24.0,25.0,22.0,14.0
1388,2023-02-20,10.0,23.0,30.0,25.0,21.0,16.0
1389,2023-02-21,24.0,16.0,29.0,21.0,17.0,17.0
1390,2023-02-22,27.0,27.0,28.0,22.0,27.0,16.0
1391,2023-02-23,18.0,19.0,25.0,17.0,20.0,15.0
1392,2023-02-24,33.0,16.0,15.0,22.0,17.0,15.0
1393,2023-02-25,23.0,16.0,12.0,18.0,25.0,15.0
1394,2023-02-26,22.0,21.0,28.0,29.0,24.0,18.0
1395,2023-02-27,26.0,21.0,27.0,29.0,22.0,25.0
1396,2023-02-28,26.0,21.0,19.0,17.0,29.0,12.0
1397,2023-03-01,22.0,17.0,28.0,22.0,26.0,14.0
1398,2023-03-02,31.0,19.0,15.0,24.0,12.0,14.0
1399,2023-03-03,26.0,12.0,23.0,16.0,20.0,17.0
1400,2023-03-04,30.0,25.0,25.0,18.0,26.0,19.0
1401,2023-03-05,18.0,15.0,29.0,20.0,28.0,21.0
1402,2023-03-06,26.0,12.0,31.0,30.0,34.0,13.0
1403,2023-03-07,27.0,20.0,25.0,29.0,27.0,16.0
1404,2023-03-08,29.0,17.0,27.0,21.0,28.0,19.0
1405,2023-03-09,20.0,32.0,23.0,21.0,31.0,24.0
1406,2023-03-10,24.0,28.0,21.0,19.0,23.0,17.0
1407,2023-03-11,25.0,22.0,19.0,19.0,16.0,17.0
1408,2023-03-12,37.0,23.0,27.0,29.0,27.0,19.0
1409,2023-03-13,28.0,25.0,17.0,20.0,22.0,18.0
1410,2023-03-14,25.0,25.0,33.0,23.0,20.0,18.0
1411,2023-03-15,29.0,36.0,25.0,29.0,26.0,21.0
1412,2023-03-16,29.0,20.0,21.0,28.0,15.0,7.0
1413,2023-03-17,32.0,23.0,27.0,27.0,18.0,16.0
1414,2023-03-18,33.0,27.0,16.0,19.0,21.0,14.0
1415,2023-03-19,20.0,17.0,29.0,22.0,27.0,14.0
1416,2023-03-20,19.0,26.0,26.0,30.0,21.0,11.0
1417,2023-03-21,22.0,26.0,23.0,29.0,29.0,18.0
1418,2023-03-22,20.0,36.0,23.0,24.0,19.0,21.0
1419,2023-03-23,24.0,21.0,19.0,18.0,26.0,13.0
1420,2023-03-24,25.0,30.0,21.0,24.0,18.0,14.0
1421,2023-03-25,25.0,28.0,17.0,21.0,22.0,21.0
1422,2023-03-26,24.0,25.0,23.0,28.0,17.0,19.0
1423,2023-03-27,17.0,28.0,22.0,19.0,24.0,17.0
1424,2023-03-28,31.0,33.0,28.0,15.0,18.0,21.0
1425,2023-03-29,19.0,30.0,22.0,17.0,20.0,21.0
1426,2023-03-30,28.0,30.0,26.0,18.0,28.0,23.0
1427,2023-03-31,33.0,17.0,14.0,27.0,17.0,23.0
1428,2023-04-01,25.0,26.0,28.0,18.0,30.0,21.0
1429,2023-04-02,22.0,15.0,29.0,17.0,28.0,22.0
1430,2023-04-03,25.0,19.0,26.0,11.0,28.0,18.0
1431,2023-04-04,26.0,26.0,11.0,28.0,15.0,20.0
1432,2023-04-05,25.0,31.0,22.0,22.0,18.0,14.0
1433,2023-04-06,37.0,22.0,19.0,18.0,19.0,22.0
1434,2023-04-07,24.0,30.0,24.0,21.0,22.0,22.0
1435,2023-04-08,27.0,23.0,22.0,24.0,23.0,19.0
1436,2023-04-09,21.0,22.0,34.0,25.0,27.0,16.0
1437,2023-04-10,28.0,24.0,28.0,17.0,16.0,14.0
1438,2023-04-11,23.0,37.0,24.0,28.0,26.0,22.0
1439,2023-04-12,25.0,19.0,22.0,35.0,32.0,15.0
1440,2023-04-13,35.0,20.0,30.0,22.0,17.0,20.0
1441,2023-04-14,37.0,26.0,24.0,21.0,30.0,21.0
1442,2023-04-15,25.0,27.0,21.0,22.0,26.0,20.0
1443,2023-04-16,28.0,23.0,30.0,23.0,21.0,21.0
1444,2023-04-17,32.0,23.0,23.0,22.0,14.0,24.0
1445,2023-04-18,22.0,28.0,25.0,22.0,26.0,21.0
1446,2023-04-19,40.0,16.0,18.0,24.0,26.0,24.0
1447,2023-04-20,27.0,24.0,34.0,22.0,20.0,12.0
1448,2023-04-21,31.0,19.0,20.0,15.0,28.0,21.0
1449,2023-04-22,28.0,27.0,16.0,21.0,34.0,17.0
1450,2023-04-23,18.0,22.0,27.0,24.0,19.0,18.0
1451,2023-04-24,29.0,27.0,27.0,15.0,24.0,12.0
1452,2023-04-25,23.0,16.0,24.0,24.0,22.0,21.0
1453,2023-04-26,36.0,15.0,19.0,28.0,29.0,19.0
1454,2023-04-27,35.0,31.0,27.0,26.0,29.0,20.0
1455,2023-04-28,20.0,24.0,25.0,22.0,33.0,17.0
1456,2023-04-29,25.0,19.0,21.0,25.0,23.0,17.0
1457,2023-04-30,33.0,22.0,31.0,27.0,23.0,22.0
1458,2023-05-01,26.0,26.0,25.0,31.0,28.0,11.0
1459,2023-05-02,26.0,24.0,21.0,29.0,28.0,18.0
1460,2023-05-03,39.0,32.0,28.0,29.0,25.0,23.0
1461,2023-05-04,33.0,17.0,30.0,20.0,31.0,22.0
1462,2023-05-05,27.0,26.0,25.0,24.0,27.0,22.0
1463,2023-05-06,37.0,25.0,20.0,31.0,25.0,30.0
1464,2023-05-07,35.0,28.0,20.0,28.0,22.0,25.0
1465,2023-05-08,32.0,21.0,25.0,22.0,20.0,12.0
1466,2023-05-09,24.0,35.0,24.0,24.0,34.0,21.0
1467,2023-05-10,26.0,24.0,24.0,21.0,21.0,22.0
1468,2023-05-11,33.0,17.0,25.0,26.0,24.0,25.0
1469,2023-05-12,23.0,31.0,31.0,22.0,20.0,21.0
1470,2023-05-13,34.0,25.0,25.0,38.0,25.0,16.0
1471,2023-05-14,31.0,25.0,26.0,25.0,32.0,22.0
1472,2023-05-15,23.0,32.0,21.0,34.0,32.0,26.0
1473,2023-05-16,29.0,34.0,29.0,29.0,25.0,21.0
1474,2023-05-17,27.0,32.0,36.0,24.0,19.0,14.0
1475,2023-05-18,23.0,24.0,23.0,24.0,24.0,16.0
1476,2023-05-19,34.0,25.0,31.0,24.0,23.0,29.0
1477,2023-05-20,32.0,22.0,35.0,25.0,17.0,22.0
1478,2023-05-21,24.0,30.0,27.0,24.0,28.0,23.0
1479,2023-05-22,14.0,19.0,34.0,32.0,26.0,22.0
1480,2023-05-23,34.0,26.0,25.0,20.0,24.0,21.0
1481,2023-05-24,22.0,21.0,22.0,21.0,23.0,17.0
1482,2023-05-25,33.0,28.0,29.0,28.0,24.0,24.0
1483,2023-05-26,33.0,26.0,21.0,21.0,25.0,20.0
1484,2023-05-27,39.0,26.0,30.0,33.0,26.0,17.0
1485,2023-05-28,22.0,35.0,27.0,38.0,22.0,29.0
1486,2023-05-29,27.0,21.0,23.0,23.0,28.0,17.0
1487,2023-05-30,30.0,19.0,18.0,32.0,27.0,19.0
1488,2023-05-31,29.0,29.0,23.0,27.0,25.0,23.0
1489,2023-06-01,22.0,22.0,26.0,25.0,21.0,23.0
1490,2023-06-02,26.0,26.0,23.0,24.0,20.0,17.0
1491,2023-06-03,33.0,28.0,35.0,23.0,22.0,29.0
1492,2023-06-04,26.0,26.0,31.0,30.0,24.0,22.0
1493,2023-06-05,24.0,27.0,33.0,20.0,28.0,20.0
1494,2023-06-06,33.0,31.0,23.0,26.0,15.0,21.0
1495,2023-06-07,22.0,15.0,25.0,25.0,27.0,18.0
1496,2023-06-08,27.0,32.0,25.0,31.0,36.0,24.0
1497,2023-06-09,21.0,35.0,37.0,28.0,39.0,15.0
1498,2023-06-10,26.0,30.0,25.0,28.0,28.0,23.0
1499,2023-06-11,30.0,27.0,26.0,26.0,32.0,18.0
1500,2023-06-12,29.0,36.0,26.0,24.0,20.0,17.0
1501,2023-06-13,28.0,28.0,33.0,25.0,32.0,17.0
1502,2023-06-14,38.0,27.0,33.0,24.0,26.0,19.0
1503,2023-06-15,36.0,32.0,27.0,31.0,30.0,27.0
1504,2023-06-16,25.0,24.0,32.0,26.0,21.0,22.0
1505,2023-06-17,33.0,27.0,24.0,33.0,24.0,28.0
1506,2023-06-18,29.0,29.0,23.0,30.0,26.0,27.0
1507,2023-06-19,29.0,28.0,16.0,37.0,27.0,24.0
1508,2023-06-20,35.0,33.0,18.0,34.0,31.0,24.0
1509,2023-06-21,36.0,26.0,30.0,37.0,31.0,25.0
1510,2023-06-22,37.0,26.0,25.0,37.0,30.0,17.0
1511,2023-06-23,29.0,22.0,42.0,33.0,23.0,24.0
1512,2023-06-24,32.0,41.0,31.0,29.0,24.0,28.0
1513,2023-06-25,26.0,28.0,33.0,26.0,21.0,25.0
1514,2023-06-26,28.0,20.0,21.0,24.0,24.0,26.0
1515,2023-06-27,26.0,35.0,33.0,28.0,28.0,24.0
1516,2023-06-28,31.0,26.0,35.0,28.0,27.0,24.0
1517,2023-06-29,34.0,26.0,34.0,29.0,26.0,31.0
1518,2023-06-30,32.0,24.0,30.0,30.0,33.0,33.0
1519,2023-07-01,34.0,31.0,23.0,23.0,23.0,26.0
1520,2023-07-02,35.0,29.0,26.0,32.0,34.0,23.0
1521,2023-07-03,28.0,49.0,33.0,30.0,35.0,23.0
1522,2023-07-04,29.0,28.0,33.0,28.0,28.0,31.0
1523,2023-07-05,38.0,25.0,28.0,33.0,40.0,21.0
1524,2023-07-06,33.0,35.0,37.0,26.0,27.0,19.0
1525,2023-07-07,35.0,30.0,32.0,33.0,30.0,29.0
1526,2023-07-08,30.0,37.0,33.0,35.0,29.0,20.0
1527,2023-07-09,30.0,22.0,27.0,24.0,26.0,24.0
1528,2023-07-10,32.0,26.0,37.0,31.0,37.0,31.0
1529,2023-07-11,36.0,35.0,29.0,22.0,38.0,21.0
1530,2023-07-12,36.0,20.0,27.0,22.0,27.0,24.0
1531,2023-07-13,26.0,35.0,33.0,27.0,36.0,24.0
1532,2023-07-14,33.0,37.0,30.0,23.0,26.0,28.0
1533,2023-07-15,42.0,28.0,33.0,33.0,32.0,25.0
1534,2023-07-16,30.0,30.0,38.0,40.0,36.0,25.0
1535,2023-07-17,38.0,29.0,36.0,29.0,33.0,42.0
1536,2023-07-18,38.0,31.0,32.0,20.0,28.0,27.0
1537,2023-07-19,28.0,38.0,32.0,30.0,37.0,27.0
1538,2023-07-20,29.0,25.0,21.0,41.0,26.0,32.0
1539,2023-07-21,38.0,30.0,33.0,30.0,30.0,25.0
1540,2023-07-22,35.0,26.0,24.0,36.0,36.0,26.0
1541,2023-07-23,36.0,24.0,31.0,26.0,25.0,22.0
1542,2023-07-24,35.0,28.0,32.0,35.0,30.0,26.0
1543,2023-07-25,39.0,25.0,41.0,37.0,36.0,19.0
1544,2023-07-26,36.0,38.0,27.0,30.0,32.0,25.0
1545,2023-07-27,26.0,25.0,29.0,30.0,36.0,29.0
1546,2023-07-28,35.0,26.0,36.0,32.0,35.0,22.0
1547,2023-07-29,49.0,30.0,25.0,33.0,33.0,28.0
1548,2023-07-30,30.0,22.0,24.0,38.0,30.0,27.0
1549,2023-07-31,40.0,29.0,35.0,25.0,36.0,30.0
1550,2023-08-01,41.0,40.0,27.0,28.0,34.0,21.0
1551,2023-08-02,44.0,25.0,26.0,33.0,19.0,27.0
1552,2023-08-03,31.0,35.0,38.0,34.0,36.0,20.0
1553,2023-08-04,40.0,38.0,35.0,29.0,28.0,19.0
1554,2023-08-05,29.0,25.0,25.0,29.0,27.0,23.0
1555,2023-08-06,31.0,32.0,37.0,30.0,25.0,22.0
1556,2023-08-07,35.0,34.0,42.0,31.0,32.0,28.0
1557,2023-08-08,34.0,28.0,27.0,36.0,32.0,32.0
1558,2023-08-09,50.0,31.0,25.0,30.0,35.0,18.0
1559,2023-08-10,31.0,34.0,41.0,39.0,28.0,28.0
1560,2023-08-11,35.0,32.0,34.0,34.0,27.0,27.0
1561,2023-08-12,38.0,41.0,25.0,30.0,33.0,25.0
1562,2023-08-13,41.0,40.0,38.0,51.0,33.0,32.0
1563,2023-08-14,41.0,26.0,38.0,36.0,39.0,24.0
1564,2023-08-15,32.0,28.0,38.0,36.0,36.0,22.0
1565,2023-08-16,33.0,33.0,30.0,25.0,40.0,34.0
1566,2023-08-17,36.0,40.0,36.0,30.0,30.0,34.0
1567,2023-08-18,42.0,37.0,38.0,34.0,26.0,17.0
1568,2023-08-19,33.0,27.0,30.0,30.0,32.0,22.0
1569,2023-08-20,36.0,36.0,38.0,28.0,33.0,26.0
1570,2023-08-21,41.0,35.0,38.0,38.0,38.0,22.0
1571,2023-08-22,43.0,31.0,28.0,37.0,33.0,33.0
1572,2023-08-23,43.0,36.0,38.0,30.0,28.0,34.0
1573,2023-08-24,36.0,39.0,35.0,32.0,22.0,25.0
1574,2023-08-25,30.0,45.0,36.0,35.0,39.0,24.0
1575,2023-08-26,49.0,25.0,43.0,40.0,28.0,33.0
1576,2023-08-27,56.0,25.0,32.0,39.0,39.0,27.0
1577,2023-08-28,52.0,30.0,43.0,29.0,34.0,27.0
1578,2023-08-29,33.0,36.0,35.0,37.0,36.0,25.0
1579,2023-08-30,42.0,31.0,47.0,41.0,37.0,22.0
1580,2023-08-31,45.0,28.0,32.0,40.0,37.0,33.0
1581,2023-09-01,40.0,34.0,24.0,47.0,38.0,27.0
1582,2023-09-02,38.0,37.0,38.0,36.0,35.0,31.0
1583,2023-09-03,37.0,38.0,35.0,48.0,42.0,35.0
1584,2023-09-04,39.0,49.0,41.0,25.0,32.0,19.0
1585,2023-09-05,45.0,41.0,31.0,41.0,30.0,37.0
1586,2023-09-06,41.0,39.0,36.0,38.0,42.0,20.0
1587,2023-09-07,50.0,36.0,36.0,39.0,31.0,29.0
1588,2023-09-08,40.0,38.0,39.0,36.0,32.0,30.0
1589,2023-09-09,48.0,30.0,41.0,45.0,32.0,28.0
1590,2023-09-10,36.0,42.0,35.0,35.0,34.0,35.0
1591,2023-09-11,39.0,53.0,39.0,32.0,44.0,31.0
1592,2023-09-12,40.0,40.0,34.0,25.0,37.0,27.0
1593,2023-09-13,52.0,46.0,44.0,37.0,47.0,36.0
1594,2023-09-14,46.0,31.0,50.0,38.0,38.0,25.0
1595,2023-09-15,40.0,36.0,34.0,32.0,47.0,26.0
1596,2023-09-16,35.0,40.0,46.0,33.0,42.0,26.0
1597,2023-09-17,44.0,38.0,39.0,40.0,38.0,34.0
1598,2023-09-18,43.0,41.0,27.0,50.0,46.0,30.0
1599,2023-09-19,38.0,40.0,40.0,41.0,31.0,36.0
1600,2023-09-20,41.0,32.0,35.0,44.0,40.0,26.0
1601,2023-09-21,52.0,41.0,39.0,39.0,35.0,39.0
1602,2023-09-22,51.0,38.0,43.0,38.0,38.0,34.0
1603,2023-09-23,43.0,31.0,39.0,30.0,35.0,24.0
1604,2023-09-24,22.0,47.0,41.0,48.0,50.0,42.0
1605,2023-09-25,50.0,46.0,48.0,33.0,27.0,30.0
1606,2023-09-26,29.0,45.0,32.0,32.0,45.0,36.0
1607,2023-09-27,41.0,42.0,34.0,44.0,39.0,36.0
1608,2023-09-28,41.0,47.0,42.0,40.0,33.0,36.0
1609,2023-09-29,53.0,42.0,38.0,45.0,29.0,31.0
1610,2023-09-30,46.0,39.0,39.0,50.0,38.0,36.0
1611,2023-10-01,55.0,48.0,38.0,48.0,42.0,24.0
1612,2023-10-02,49.0,43.0,32.0,49.0,31.0,42.0
1613,2023-10-03,39.0,39.0,43.0,29.0,47.0,32.0
1614,2023-10-04,48.0,42.0,49.0,48.0,35.0,29.0
1615,2023-10-05,48.0,50.0,42.0,50.0,44.0,34.0
1616,2023-10-06,44.0,44.0,47.0,30.0,44.0,31.0
1617,2023-10-07,41.0,42.0,57.0,57.0,44.0,38.0
1618,2023-10-08,56.0,50.0,36.0,32.0,47.0,41.0
1619,2023-10-09,44.0,45.0,32.0,40.0,55.0,34.0
1620,2023-10-10,51.0,45.0,34.0,41.0,27.0,36.0
1621,2023-10-11,51.0,47.0,48.0,43.0,28.0,51.0
1622,2023-10-12,47.0,46.0,38.0,50.0,45.0,38.0
1623,2023-10-13,61.0,37.0,48.0,44.0,44.0,40.0
1624,2023-10-14,44.0,38.0,37.0,37.0,29.0,40.0
1625,2023-10-15,71.0,57.0,41.0,53.0,49.0,33.0
1626,2023-10-16,53.0,68.0,44.0,46.0,40.0,23.0
1627,2023-10-17,52.0,53.0,47.0,45.0,40.0,34.0
1628,2023-10-18,57.0,56.0,52.0,40.0,37.0,27.0
1629,2023-10-19,54.0,45.0,63.0,49.0,43.0,31.0
1630,2023-10-20,44.0,46.0,41.0,53.0,49.0,36.0
1631,2023-10-21,50.0,51.0,46.0,47.0,49.0,47.0
1632,2023-10-22,44.0,60.0,41.0,52.0,49.0,35.0
1633,2023-10-23,50.0,44.0,47.0,49.0,46.0,25.0
1634,2023-10-24,44.0,44.0,41.0,49.0,46.0,45.0
1635,2023-10-25,63.0,41.0,56.0,50.0,60.0,30.0
1636,2023-10-26,47.0,52.0,63.0,47.0,48.0,32.0
1637,2023-10-27,66.0,49.0,51.0,41.0,45.0,38.0
1638,2023-10-28,64.0,59.0,50.0,49.0,46.0,38.0
1639,2023-10-29,60.0,51.0,54.0,42.0,42.0,45.0
1640,2023-10-30,57.0,50.0,48.0,51.0,53.0,33.0
1641,2023-10-31,46.0,48.0,57.0,54.0,50.0,32.0
1642,2023-11-01,67.0,49.0,62.0,46.0,45.0,39.0
1643,2023-11-02,60.0,58.0,55.0,55.0,57.0,33.0
1644,2023-11-03,63.0,63.0,65.0,66.0,48.0,45.0
1645,2023-11-04,68.0,55.0,49.0,57.0,56.0,40.0
1646,2023-11-05,56.0,65.0,61.0,60.0,55.0,50.0
1647,2023-11-06,51.0,57.0,52.0,52.0,58.0,49.0
1648,2023-11-07,62.0,65.0,42.0,54.0,62.0,53.0
1649,2023-11-08,59.0,50.0,65.0,52.0,66.0,51.0
1650,2023-11-09,82.0,55.0,74.0,66.0,50.0,47.0
1651,2023-11-10,66.0,68.0,54.0,66.0,50.0,61.0
1652,2023-11-11,64.0,58.0,58.0,56.0,52.0,51.0
1653,2023-11-12,69.0,57.0,65.0,60.0,68.0,52.0
1654,2023-11-13,89.0,69.0,60.0,71.0,57.0,53.0
1655,2023-11-14,82.0,66.0,60.0,61.0,70.0,60.0
1656,2023-11-15,57.0,73.0,62.0,81.0,68.0,52.0
1657,2023-11-16,110.0,84.0,105.0,74.0,93.0,85.0
1658,2023-11-17,143.0,117.0,131.0,120.0,126.0,109.0
1659,2023-11-18,180.0,169.0,181.0,179.0,156.0,130.0
1660,2023-11-19,298.0,293.0,262.0,306.0,267.0,235.0
1661,2023-11-20,112.0,96.0,80.0,102.0,110.0,74.0
1662,2023-11-21,118.0,111.0,109.0,111.0,66.0,81.0
1663,2019-01-24,,2.0,,1.0,,2.0
1664,2019-01-26,,1.0,,1.0,,
1665,2019-02-16,,1.0,1.0,,,
1666,2019-02-20,,1.0,,,,1.0
1667,2019-02-28,,2.0,1.0,1.0,2.0,2.0
1668,2019-03-04,,1.0,,,,
1669,2019-03-14,,3.0,,1.0,,1.0
1670,2019-03-16,,1.0,1.0,,1.0,
1671,2019-03-17,,1.0,1.0,,1.0,
1672,2019-03-24,,1.0,,,1.0,1.0
1673,2019-04-03,,2.0,1.0,,2.0,
1674,2019-04-04,,1.0,1.0,2.0,,
1675,2019-04-07,,1.0,2.0,,1.0,
1676,2019-04-13,,1.0,,,3.0,
1677,2019-04-18,,1.0,,,,
1678,2019-04-27,,2.0,1.0,,1.0,
1679,2019-04-29,,1.0,,,3.0,1.0
1680,2019-04-30,,3.0,1.0,,2.0,1.0
1681,2019-05-02,,2.0,1.0,,,1.0
1682,2019-05-04,,2.0,1.0,,,
1683,2019-05-05,,1.0,4.0,,2.0,
1684,2019-05-09,,1.0,1.0,1.0,,
1685,2019-05-22,,1.0,1.0,3.0,2.0,2.0
1686,2019-05-31,,1.0,,,3.0,1.0
1687,2019-06-03,,2.0,1.0,2.0,,2.0
1688,2019-06-13,,1.0,1.0,,1.0,1.0
1689,2019-06-14,,1.0,,,,1.0
1690,2019-06-16,,1.0,1.0,1.0,,2.0
1691,2019-06-20,,1.0,1.0,1.0,2.0,1.0
1692,2019-06-27,,1.0,1.0,,2.0,1.0
1693,2019-07-03,,2.0,,3.0,,
1694,2019-07-04,,1.0,1.0,1.0,,2.0
1695,2019-07-06,,3.0,,1.0,1.0,2.0
1696,2019-07-21,,2.0,1.0,,1.0,3.0
1697,2019-07-22,,1.0,,,1.0,1.0
1698,2019-07-23,,2.0,4.0,,,
1699,2019-07-31,,1.0,1.0,2.0,2.0,
1700,2019-08-08,,1.0,1.0,2.0,1.0,1.0
1701,2019-08-18,,3.0,2.0,,,1.0
1702,2019-09-06,,2.0,,3.0,3.0,1.0
1703,2019-09-14,,4.0,4.0,,2.0,3.0
1704,2019-09-25,,1.0,5.0,,,1.0
1705,2019-10-10,,2.0,1.0,1.0,1.0,2.0
1706,2019-10-28,,2.0,3.0,,6.0,
1707,2019-11-14,,2.0,2.0,5.0,2.0,1.0
1708,2019-11-22,,1.0,5.0,1.0,2.0,3.0
1709,2019-12-04,,2.0,1.0,2.0,4.0,
1710,2020-03-06,,3.0,2.0,6.0,3.0,1.0
1711,2020-03-30,,5.0,7.0,4.0,1.0,5.0
1712,2020-06-24,,1.0,3.0,4.0,1.0,7.0
1713,2019-01-21,,,1.0,,,
1714,2019-01-23,,,1.0,,,
1715,2019-02-05,,,1.0,,1.0,
1716,2019-02-15,,,1.0,1.0,,
1717,2019-02-22,,,1.0,,,
1718,2019-02-23,,,1.0,1.0,1.0,
1719,2019-03-02,,,1.0,,1.0,
1720,2019-03-03,,,1.0,,,1.0
1721,2019-03-06,,,1.0,2.0,1.0,1.0
1722,2019-03-07,,,1.0,1.0,1.0,
1723,2019-03-12,,,1.0,,1.0,
1724,2019-03-13,,,1.0,,,
1725,2019-03-29,,,2.0,1.0,,
1726,2019-04-02,,,2.0,,1.0,
1727,2019-04-08,,,1.0,1.0,,
1728,2019-04-10,,,1.0,1.0,,
1729,2019-04-14,,,1.0,,,
1730,2019-04-23,,,2.0,,2.0,1.0
1731,2019-04-26,,,2.0,1.0,1.0,
1732,2019-05-11,,,2.0,,2.0,1.0
1733,2019-05-16,,,1.0,1.0,,
1734,2019-05-19,,,1.0,2.0,,
1735,2019-06-10,,,2.0,1.0,1.0,
1736,2019-06-21,,,1.0,,1.0,1.0
1737,2019-06-22,,,1.0,1.0,1.0,1.0
1738,2019-07-07,,,2.0,1.0,1.0,1.0
1739,2019-08-03,,,2.0,2.0,1.0,
1740,2019-08-23,,,1.0,1.0,1.0,2.0
1741,2019-09-05,,,1.0,2.0,,2.0
1742,2019-10-09,,,3.0,1.0,3.0,1.0
1743,2019-01-31,,,,1.0,,
1744,2019-02-07,,,,1.0,,1.0
1745,2019-02-25,,,,1.0,,
1746,2019-03-15,,,,1.0,,
1747,2019-03-18,,,,1.0,1.0,
1748,2019-04-28,,,,1.0,1.0,1.0
1749,2019-05-17,,,,2.0,,
1750,2019-01-13,,,,,1.0,
1751,2019-01-19,,,,,1.0,
1752,2019-01-22,,,,,1.0,
1753,2019-02-26,,,,,1.0,
1754,2019-03-09,,,,,3.0,
1755,2019-03-21,,,,,2.0,
1756,2019-05-06,,,,,1.0,
